CustomerID,Recency,Frequency,Monetary,Cluster
12346.0,326,1,77183.6,1
12347.0,2,7,4310.0,2
12348.0,75,4,1437.24,1
12349.0,19,1,1417.6,0
12350.0,310,1,294.4,3
12352.0,36,7,1385.74,1
12353.0,204,1,89.0,3
12354.0,232,1,1079.4,3
12355.0,214,1,459.4,3
12356.0,23,3,2811.43,1
12357.0,33,1,6207.67,1
12358.0,2,2,928.0600000000001,0
12359.0,58,4,4980.13,1
12360.0,52,3,2302.06,1
12361.0,287,1,189.9,3
12362.0,3,10,5226.23,2
12363.0,110,2,552.0,3
12364.0,8,4,1313.1,0
12365.0,291,1,320.69,3
12367.0,4,1,168.9,0
12370.0,51,4,3421.94,1
12371.0,60,1,1527.96,1
12372.0,72,3,1298.04,1
12373.0,311,1,324.6,3
12374.0,25,1,622.93,0
12375.0,11,2,377.5,0
12377.0,315,2,1548.12,1
12378.0,130,1,4008.62,1
12379.0,82,2,852.24,1
12380.0,22,4,2724.81,1
12381.0,5,5,1485.31,2
12383.0,185,5,1850.56,1
12384.0,29,2,425.27000000000004,0
12386.0,338,2,401.9,3
12388.0,16,6,2780.66,2
12390.0,80,1,549.84,3
12391.0,22,1,439.66,0
12393.0,72,4,1582.6000000000001,1
12394.0,64,2,1272.48,1
12395.0,19,12,2978.68,2
12397.0,36,2,2409.9,1
12398.0,46,1,1435.66,1
12399.0,119,4,1108.65,1
12401.0,303,1,84.3,3
12402.0,323,1,225.6,3
12403.0,50,1,427.7,3
12405.0,149,1,1390.39,3
12406.0,22,2,3415.3,1
12407.0,50,5,1708.1200000000001,1
12408.0,33,5,2888.55,1
12409.0,79,3,11072.67,1
12410.0,309,2,533.33,3
12412.0,75,3,1226.88,1
12413.0,67,3,758.1,1
12414.0,217,3,442.41,3
12415.0,24,20,124564.53,2
12417.0,3,9,3649.1,2
12418.0,113,1,668.58,3
12420.0,64,1,600.39,3
12421.0,16,4,807.04,0
12422.0,96,3,683.5600000000001,1
12423.0,1,8,1859.31,2
12424.0,163,2,1760.96,1
12425.0,78,1,777.2,3
12426.0,195,1,582.73,3
12427.0,22,3,825.8,0
12428.0,26,8,6405.26,2
12429.0,9,4,3750.4,2
12430.0,43,1,216.4,3
12431.0,36,15,6419.95,2
12432.0,43,4,4089.52,1
12433.0,1,7,13375.87,2
12434.0,85,2,806.14,1
12435.0,80,2,7829.89,1
12436.0,100,1,429.01000000000005,3
12437.0,2,18,4951.41,2
12438.0,14,2,2466.85,1
12441.0,367,1,173.55,3
12442.0,3,1,172.06,0
12444.0,21,5,4085.46,1
12445.0,22,1,133.4,0
12446.0,58,1,1002.3100000000001,3
12447.0,243,1,476.49,3
12448.0,44,1,384.45,0
12449.0,22,4,4067.29,1
12450.0,156,2,197.88,3
12451.0,11,5,8995.52,2
12452.0,17,1,350.57,0
12453.0,134,1,707.09,3
12454.0,56,1,3110.84,1
12455.0,73,6,2466.86,1
12456.0,44,3,2581.04,1
12457.0,66,6,2043.23,1
12458.0,71,2,787.4,1
12461.0,155,1,626.88,3
12462.0,19,2,1189.59,0
12463.0,53,4,1344.78,1
12464.0,10,8,1212.05,2
12465.0,17,2,742.1899999999999,0
12468.0,188,2,729.5400000000001,3
12471.0,2,29,19308.65,2
12472.0,32,7,6572.11,2
12473.0,54,3,2873.73,1
12474.0,17,18,7288.14,2
12475.0,54,1,723.38,3
12476.0,16,11,6816.42,2
12477.0,23,6,13219.74,2
12478.0,4,1,545.99,0
12479.0,11,1,527.2,0
12480.0,28,4,3281.63,1
12481.0,23,10,5579.82,2
12483.0,17,8,1964.98,2
12484.0,33,6,4527.32,1
12488.0,10,3,1298.66,0
12489.0,336,1,334.93,3
12490.0,5,10,5417.93,2
12491.0,39,1,460.40000000000003,0
12492.0,63,2,263.21000000000004,3
12493.0,166,2,433.74,3
12494.0,16,7,1246.1000000000001,1
12497.0,82,1,1043.1,3
12498.0,21,3,403.70000000000005,0
12500.0,23,11,4257.82,2
12501.0,337,1,2169.39,3
12502.0,96,5,3723.87,1
12504.0,18,2,482.04999999999995,0
12506.0,233,1,73.5,3
12507.0,134,3,1304.81,1
12508.0,26,2,397.88,0
12509.0,284,1,176.5,3
12510.0,143,2,982.5699999999999,1
12512.0,66,2,132.18,3
12513.0,113,1,612.29,3
12514.0,267,1,1017.68,3
12515.0,353,1,278.7,3
12516.0,78,2,1312.06,1
12517.0,28,5,2481.6,1
12518.0,1,5,2056.89,2
12519.0,64,1,330.84,3
12520.0,79,5,2634.26,1
12521.0,143,1,599.68,3
12522.0,39,2,192.72,0
12523.0,19,11,1789.77,2
12524.0,9,8,4485.72,2
12526.0,1,3,1316.66,0
12527.0,82,3,348.71000000000004,3
12528.0,9,6,1933.48,2
12530.0,60,4,1522.48,1
12531.0,15,1,125.22,0
12532.0,30,1,349.83000000000004,0
12534.0,131,1,1089.18,3
12535.0,92,2,716.35,1
12536.0,59,1,4279.71,1
12538.0,29,1,363.95,0
12539.0,22,4,5568.35,1
12540.0,20,17,13400.24,2
12541.0,30,3,981.18,1
12544.0,36,1,372.7,0
12545.0,75,2,1000.39,1
12546.0,47,2,1161.5,1
12547.0,198,2,207.79999999999998,3
12548.0,166,1,95.19999999999999,3
12550.0,79,1,964.83,3
12551.0,358,1,168.0,3
12552.0,40,1,317.82,0
12553.0,8,10,3692.28,2
12556.0,50,2,599.56,0
12557.0,16,5,11990.960000000001,2
12558.0,8,1,269.96,0
12559.0,311,2,561.71,3
12560.0,5,3,2134.01,0
12561.0,303,1,238.85,3
12562.0,8,7,3781.7400000000002,2
12564.0,261,1,456.9,3
12565.0,289,1,145.92,3
12566.0,86,1,351.65,3
12567.0,23,10,9229.48,2
12569.0,2,32,4124.69,2
12571.0,40,2,519.61,0
12572.0,9,2,1020.42,0
12573.0,227,1,160.54000000000002,3
12574.0,316,1,218.45,3
12576.0,36,5,1315.83,1
12577.0,35,3,626.6,1
12578.0,21,2,2794.51,1
12579.0,78,1,440.42,3
12580.0,247,1,415.7,3
12581.0,40,1,197.71,3
12582.0,239,2,351.36,3
12583.0,3,15,7281.38,2
12584.0,4,9,2338.15,2
12585.0,234,2,2040.1,1
12586.0,17,1,196.94000000000003,0
12587.0,8,1,104.0,0
12588.0,39,1,174.89999999999998,3
12589.0,29,2,646.68,0
12590.0,211,1,9341.26,1
12591.0,317,1,452.84999999999997,3
12592.0,92,2,437.6,3
12593.0,109,3,418.09999999999997,3
12594.0,38,10,3338.2200000000003,2
12596.0,51,2,618.27,1
12597.0,19,4,3811.22,1
12598.0,10,8,3023.08,2
12599.0,29,7,1032.58,1
12600.0,29,10,2599.04,2
12601.0,190,5,537.11,1
12602.0,59,1,153.12,3
12603.0,22,1,739.1999999999999,0
12604.0,79,2,254.18,3
12607.0,60,1,1579.51,1
12609.0,78,3,1126.85,1
12610.0,23,4,1859.54,1
12611.0,52,1,1193.32,1
12612.0,74,1,704.0400000000001,3
12613.0,57,5,3344.38,1
12614.0,278,1,315.6,3
12615.0,2,4,2291.19,2
12616.0,95,2,713.3,1
12617.0,29,1,352.98,0
12618.0,22,1,137.31,0
12619.0,16,8,3251.56,2
12620.0,15,3,1339.41,1
12621.0,2,20,13689.67,2
12622.0,232,1,180.1,3
12623.0,276,1,305.1,3
12624.0,106,2,641.13,3
12625.0,212,2,2683.82,1
12626.0,23,9,6620.48,2
12627.0,11,7,4478.53,2
12628.0,4,3,786.46,0
12630.0,10,2,1030.88,0
12631.0,57,1,480.5,3
12633.0,59,4,2163.98,1
12635.0,90,2,1689.18,1
12637.0,67,8,6002.9,1
12638.0,33,1,511.69,0
12639.0,239,1,366.1,3
12640.0,24,3,1174.58,1
12641.0,115,1,145.9,3
12642.0,25,3,1013.26,1
12643.0,128,6,3344.64,1
12644.0,130,1,477.91,3
12645.0,34,4,1775.18,1
12646.0,5,2,1346.97,0
12647.0,22,12,3722.82,2
12648.0,155,1,318.05,3
12649.0,107,3,623.51,1
12650.0,3,1,314.44,0
12651.0,335,1,114.0,3
12652.0,331,1,919.98,3
12653.0,149,2,2209.85,1
12654.0,11,5,601.98,0
12656.0,17,5,4051.17,2
12657.0,11,4,1643.18,1
12658.0,19,1,686.05,0
12659.0,30,1,91.68,0
12660.0,11,1,245.1,0
12662.0,1,11,3849.78,2
12664.0,8,9,4481.88,2
12665.0,325,1,63.0,3
12667.0,58,1,460.13,3
12668.0,12,4,3807.15,2
12669.0,151,2,1607.73,1
12670.0,10,5,2996.05,2
12672.0,330,1,225.89999999999998,3
12673.0,5,2,610.52,0
12674.0,39,4,1970.6,1
12676.0,25,6,1091.39,1
12678.0,42,9,16619.46,2
12679.0,59,4,1113.02,1
12680.0,1,4,862.81,0
12681.0,15,22,13787.54,2
12682.0,4,31,12279.82,2
12683.0,4,15,8476.57,2
12684.0,8,7,2283.63,2
12685.0,28,6,2863.08,1
12686.0,372,1,89.14,3
12688.0,114,1,4582.86,1
12689.0,26,2,1247.61,1
12690.0,206,1,389.01,3
12691.0,28,6,1035.8,1
12693.0,127,4,855.91,1
12694.0,70,2,869.67,1
12695.0,7,4,582.1,0
12697.0,29,3,757.59,1
12700.0,8,4,4939.99,2
12701.0,80,2,797.71,1
12702.0,20,1,219.0,0
12703.0,71,1,283.55,3
12704.0,7,8,1740.84,2
12705.0,15,9,6868.29,2
12707.0,292,1,603.42,3
12708.0,30,10,2712.91,2
12709.0,15,15,9706.52,2
12710.0,97,3,1149.02,1
12712.0,29,13,4396.13,2
12713.0,1,1,848.55,0
12714.0,9,5,4708.86,2
12715.0,106,1,263.36,3
12716.0,4,2,1053.49,0
12717.0,151,2,791.03,3
12718.0,71,1,238.25,3
12719.0,5,2,644.95,0
12720.0,3,25,5781.73,2
12721.0,32,6,2656.13,1
12722.0,85,4,997.63,1
12723.0,4,5,725.07,0
12724.0,5,4,1031.41,0
12725.0,371,1,427.8,3
12726.0,28,7,2609.1,1
12727.0,11,7,3980.7,2
12728.0,71,4,836.33,1
12729.0,114,1,453.01,3
12731.0,24,12,18895.91,2
12732.0,180,1,236.26000000000002,3
12733.0,234,1,383.95,3
12734.0,353,1,110.39999999999999,3
12735.0,315,2,779.5699999999999,3
12736.0,333,1,234.0,3
12738.0,372,1,155.35,3
12739.0,99,1,975.54,3
12740.0,64,1,427.6,3
12743.0,134,2,540.13,3
12744.0,56,4,8805.39,1
12747.0,2,11,4196.01,2
12748.0,1,206,31752.69,2
12749.0,4,5,4040.88,2
12750.0,129,1,275.88,3
12752.0,81,1,4366.78,1
12753.0,23,6,21429.39,2
12754.0,236,3,3010.74,1
12755.0,281,2,3811.95,1
12756.0,87,1,112.07999999999998,3
12757.0,16,9,4235.25,2
12758.0,117,2,2791.59,1
12759.0,52,3,1531.44,1
12762.0,8,2,1898.52,0
12763.0,138,2,494.08,3
12764.0,317,1,1693.88,3
12766.0,4,7,6989.63,2
12769.0,239,1,1143.6,3
12770.0,211,1,1351.45,3
12772.0,60,1,892.47,3
12775.0,17,5,1386.04,1
12778.0,20,6,822.23,1
12779.0,38,8,3981.36,2
12781.0,64,2,786.74,1
12782.0,5,5,2330.92,2
12783.0,2,4,1603.8700000000001,2
12784.0,9,2,532.8199999999999,0
12785.0,364,1,311.95,3
12787.0,10,3,463.66,0
12789.0,65,1,51.9,3
12790.0,192,1,324.92,3
12791.0,374,1,192.60000000000002,3
12792.0,257,1,400.53999999999996,3
12793.0,335,2,545.48,3
12794.0,53,2,860.41,1
12795.0,19,1,430.48,0
12797.0,366,1,254.03,3
12798.0,10,3,6977.04,2
12802.0,187,1,427.58,3
12808.0,37,3,483.65000000000003,0
12809.0,178,1,489.31,3
12811.0,261,3,514.85,3
12812.0,45,1,229.64000000000001,3
12814.0,102,1,85.92,3
12815.0,148,2,863.46,3
12816.0,96,2,412.25,3
12817.0,281,1,126.03999999999999,3
12818.0,262,1,1182.0800000000002,3
12820.0,3,4,942.34,0
12821.0,214,1,92.72,3
12822.0,71,2,948.88,1
12823.0,75,5,1759.5,1
12824.0,60,1,397.12,3
12826.0,3,7,1474.72,2
12827.0,6,3,430.15000000000003,0
12828.0,3,6,1018.71,2
12829.0,337,2,213.1,3
12830.0,38,6,6814.64,1
12831.0,262,1,215.05,3
12832.0,32,2,383.03,0
12833.0,145,1,417.38,3
12834.0,283,1,312.38,3
12836.0,59,4,2610.36,1
12837.0,173,1,134.1,3
12838.0,34,2,671.95,0
12839.0,3,14,5591.42,2
12840.0,144,4,2726.77,1
12841.0,5,25,3991.58,2
12842.0,70,2,1053.99,1
12843.0,66,8,1702.26,1
12844.0,29,2,325.96000000000004,0
12845.0,267,4,354.09,3
12847.0,22,1,843.64,0
12849.0,31,2,1010.29,1
12851.0,97,1,131.81,3
12852.0,295,1,311.55,3
12853.0,135,6,1957.1000000000001,1
12854.0,79,3,1316.25,1
12855.0,373,1,38.1,3
12856.0,8,6,2170.78,2
12857.0,211,2,1106.4,3
12863.0,52,1,521.2,3
12864.0,138,1,147.12,3
12865.0,26,2,1568.23,1
12866.0,283,1,559.12,3
12867.0,26,7,4009.34,2
12868.0,186,6,1607.0600000000002,1
12871.0,84,2,380.64,3
12872.0,327,2,599.97,3
12873.0,282,1,374.0,3
12875.0,143,2,343.2300000000001,3
12876.0,58,2,2218.02,1
12877.0,4,12,1535.77,2
12878.0,236,2,854.99,3
12879.0,45,3,573.22,1
12881.0,276,1,103.0,3
12882.0,9,2,1463.04,0
12883.0,25,4,703.47,1
12884.0,88,1,139.05,3
12885.0,63,3,1175.22,1
12886.0,68,2,1378.4,1
12888.0,214,2,354.12,3
12890.0,24,1,376.71999999999997,0
12891.0,186,3,331.0,3
12893.0,31,1,176.55,0
12895.0,42,2,372.8,0
12897.0,205,2,216.5,3
12901.0,9,28,17654.54,2
12902.0,265,1,138.68,3
12904.0,18,2,496.06,0
12906.0,12,5,2919.81,2
12908.0,176,2,750.0,3
12909.0,40,5,1723.67,1
12910.0,23,8,3075.04,2
12912.0,3,5,1662.3,2
12913.0,5,5,2483.63,2
12915.0,149,2,363.65,3
12916.0,139,4,2944.95,1
12917.0,128,1,594.0,3
12919.0,8,6,1335.19,2
12920.0,17,1,162.78,0
12921.0,9,37,16587.09,2
12922.0,161,1,405.38,3
12923.0,64,1,172.82,3
12924.0,88,4,933.7,1
12925.0,5,2,694.05,0
12928.0,35,5,2062.7000000000003,1
12929.0,312,1,117.85,3
12930.0,78,2,415.8,3
12931.0,22,15,42055.96,2
12933.0,24,3,607.53,0
12935.0,2,7,2160.7,2
12936.0,17,4,1063.9,1
12937.0,15,4,1504.27,1
12938.0,26,1,114.14,0
12939.0,64,8,11581.8,2
12940.0,55,2,899.69,1
12942.0,131,3,675.6,1
12944.0,36,2,604.51,0
12945.0,288,1,462.95,3
12947.0,144,6,1473.99,1
12948.0,16,7,2064.95,2
12949.0,31,8,4167.22,2
12950.0,2,3,1843.0,0
12951.0,9,6,1064.07,2
12952.0,6,4,1387.79,0
12953.0,10,1,329.85,0
12955.0,1,11,4757.16,2
12956.0,306,1,108.07,3
12957.0,10,8,4017.54,2
12962.0,7,2,266.39,0
12963.0,8,8,1856.63,2
12965.0,89,1,769.8100000000001,3
12966.0,10,1,160.18,0
12967.0,358,2,1660.9,1
12968.0,112,1,135.95,3
12970.0,7,4,405.47,0
12971.0,4,86,11189.91,2
12974.0,198,1,144.8,3
12976.0,212,1,738.6,3
12977.0,156,1,39.239999999999995,3
12980.0,177,7,2412.0,1
12981.0,30,2,372.21999999999997,0
12982.0,243,1,390.54,3
12984.0,19,1,97.5,0
12985.0,1,2,1239.38,0
12987.0,74,2,508.75,3
12988.0,292,1,505.82,3
12989.0,3,15,6924.110000000001,2
12990.0,31,3,409.5,0
12991.0,23,2,503.76,0
12993.0,23,4,414.76,0
12994.0,4,3,974.4200000000001,0
12995.0,85,1,211.32,3
12997.0,22,4,1226.89,1
12999.0,196,3,455.88,3
13000.0,107,3,534.85,1
13001.0,4,13,9785.970000000001,2
13002.0,318,1,120.94999999999999,3
13003.0,106,3,149.05,3
13004.0,12,18,5655.91,2
13005.0,174,2,513.7,3
13006.0,56,1,81.57,3
13008.0,323,1,229.46999999999997,3
13011.0,372,1,50.550000000000004,3
13012.0,9,8,1646.8400000000001,2
13013.0,1,13,4810.9400000000005,2
13014.0,11,10,3466.2799999999997,2
13015.0,53,5,3044.64,1
13016.0,73,3,789.89,1
13017.0,7,1,204.0,0
13018.0,16,28,7277.7,2
13021.0,4,9,2616.38,2
13023.0,64,2,689.9,1
13026.0,1,5,975.36,2
13027.0,114,6,6912.0,1
13028.0,23,2,661.3199999999999,0
13029.0,31,3,1247.5,1
13030.0,11,2,752.4399999999999,0
13032.0,52,2,1010.18,1
13033.0,357,1,190.55,3
13034.0,55,2,642.77,1
13035.0,74,2,921.88,1
13037.0,138,3,881.07,1
13038.0,80,3,908.46,1
13040.0,9,2,676.99,0
13043.0,273,1,516.42,3
13044.0,291,1,560.47,3
13045.0,99,1,305.28000000000003,3
13046.0,31,2,544.3100000000001,0
13047.0,32,10,3237.54,2
13048.0,14,4,1819.41,1
13049.0,64,2,656.6800000000001,1
13050.0,15,17,5796.91,2
13052.0,212,1,348.15000000000003,3
13055.0,78,3,1214.41,1
13058.0,25,3,271.40000000000003,0
13059.0,250,1,183.4,3
13060.0,254,1,307.53,3
13061.0,72,1,248.61,3
13062.0,191,1,346.98,3
13064.0,13,4,1105.59,1
13065.0,373,1,205.86,3
13066.0,24,2,470.8,0
13067.0,82,1,115.46000000000001,3
13068.0,10,2,344.0,0
13069.0,1,24,4431.44,2
13070.0,192,1,228.8,3
13072.0,267,1,177.15,3
13075.0,130,1,919.61,3
13077.0,1,4,728.02,0
13078.0,3,26,12627.94,2
13079.0,4,5,220.10000000000002,0
13080.0,179,1,58.08,3
13081.0,12,11,28337.38,2
13082.0,126,9,3613.63,1
13083.0,4,2,303.75,0
13085.0,158,2,416.08000000000004,3
13089.0,3,95,58222.83,2
13090.0,9,14,8910.82,2
13091.0,28,1,345.82,0
13092.0,71,5,477.83,1
13093.0,276,8,7832.47,1
13094.0,21,12,1927.3200000000002,2
13095.0,71,1,74.39999999999999,3
13097.0,33,10,6003.22,2
13098.0,1,28,28882.44,2
13099.0,99,1,207.35999999999999,3
13101.0,234,1,101.19,3
13102.0,1,24,6424.09,2
13103.0,40,1,243.94,0
13104.0,3,6,1098.48,2
13106.0,133,1,76.5,3
13107.0,44,4,1531.6200000000001,1
13108.0,373,1,350.06,3
13109.0,60,2,786.54,1
13110.0,31,7,1488.67,1
13113.0,1,24,12245.960000000001,2
13115.0,12,4,2214.88,1
13116.0,138,1,501.14,3
13117.0,22,8,948.96,1
13118.0,20,5,1197.81,1
13120.0,239,1,30.599999999999998,3
13121.0,269,1,283.73,3
13122.0,94,2,922.39,1
13124.0,90,3,3720.38,1
13126.0,5,8,2099.64,2
13127.0,78,1,259.17,3
13130.0,94,1,64.0,3
13131.0,23,3,1073.3,1
13132.0,262,1,77.3,3
13133.0,274,2,109.8,3
13134.0,86,4,1793.58,1
13135.0,197,1,3096.0,1
13136.0,56,5,2607.61,1
13137.0,11,8,3603.29,2
13138.0,22,6,962.39,1
13139.0,16,7,5064.94,2
13140.0,108,3,422.47,3
13141.0,85,5,2388.75,1
13142.0,19,1,307.09,0
13144.0,333,1,110.95,3
13145.0,40,3,323.52000000000004,0
13146.0,26,1,228.91,0
13147.0,10,4,712.8000000000001,0
13148.0,29,12,3683.26,2
13149.0,14,4,1676.06,1
13151.0,296,1,1257.8700000000001,3
13153.0,6,1,486.22,0
13155.0,33,4,971.76,1
13157.0,49,4,1741.22,1
13158.0,95,4,1201.06,1
13159.0,9,4,1429.35,1
13160.0,22,1,91.8,0
13161.0,313,1,112.75,3
13162.0,122,4,1688.29,1
13165.0,46,2,1021.48,1
13166.0,283,1,417.2,3
13167.0,19,4,791.33,1
13168.0,36,4,1299.59,1
13169.0,64,2,712.88,1
13170.0,27,1,108.81,0
13171.0,22,3,468.41,0
13173.0,4,2,353.65,0
13174.0,16,3,2692.87,1
13176.0,46,1,481.49,0
13177.0,65,1,282.45,3
13178.0,26,11,5725.47,2
13182.0,45,1,121.18,3
13183.0,8,9,3957.78,2
13184.0,15,10,1668.95,2
13185.0,268,1,71.4,3
13186.0,40,3,1575.89,1
13187.0,337,1,236.02,3
13188.0,11,1,114.60000000000001,0
13189.0,19,2,260.68,0
13192.0,95,2,911.94,1
13193.0,61,1,112.08,3
13194.0,136,1,60.7,3
13196.0,11,4,1757.83,1
13198.0,10,6,3321.34,2
13199.0,4,38,9817.12,2
13200.0,19,4,870.09,1
13203.0,10,4,829.51,0
13207.0,15,2,250.26000000000002,0
13208.0,59,6,1217.65,1
13209.0,30,8,5891.61,2
13210.0,94,1,353.48,3
13211.0,10,3,1095.42,0
13212.0,20,3,786.83,0
13213.0,57,5,1520.58,1
13216.0,268,1,333.74,3
13217.0,122,3,533.98,1
13218.0,127,1,62.63999999999999,3
13220.0,78,4,819.2900000000001,1
13221.0,240,2,847.41,3
13223.0,200,2,163.20000000000002,3
13224.0,60,2,2155.95,1
13225.0,3,7,6463.84,2
13226.0,273,1,108.21000000000001,3
13227.0,202,1,257.7,3
13228.0,81,1,358.0,3
13229.0,226,1,160.95,3
13230.0,4,14,2755.63,2
13232.0,13,7,1328.35,2
13233.0,74,2,605.12,3
13235.0,212,1,1031.07,3
13236.0,25,2,744.85,0
13238.0,17,4,700.73,0
13239.0,262,1,329.56,3
13240.0,96,4,663.65,1
13242.0,112,3,270.40000000000003,3
13243.0,203,1,585.12,3
13244.0,93,1,121.74000000000001,3
13245.0,51,1,430.5,3
13246.0,18,6,1961.52,1
13247.0,18,4,501.12,0
13248.0,125,2,465.68,3
13249.0,92,3,711.41,1
13253.0,157,2,1030.4,1
13255.0,9,2,399.51,0
13258.0,12,3,672.83,0
13259.0,62,1,283.18,3
13260.0,61,1,557.62,3
13261.0,269,2,944.1,3
13262.0,263,1,200.29,3
13263.0,1,35,7436.93,2
13265.0,53,5,2092.66,1
13266.0,11,12,3754.36,2
13267.0,3,19,4521.49,2
13268.0,18,11,3134.8,2
13269.0,1,15,5343.28,2
13270.0,366,1,590.0,3
13271.0,37,1,211.49,0
13272.0,31,2,276.56,0
13273.0,113,1,138.98,3
13276.0,64,2,590.9300000000001,1
13277.0,16,4,258.4,0
13278.0,41,1,542.73,0
13279.0,78,1,137.75,3
13280.0,122,3,798.46,1
13282.0,18,3,1132.14,1
13283.0,60,2,93.66,3
13284.0,331,1,201.19,3
13285.0,23,4,2709.12,1
13291.0,156,1,361.11,3
13292.0,39,2,578.9399999999999,0
13294.0,190,2,873.74,3
13295.0,360,1,201.20000000000002,3
13296.0,137,1,87.4,3
13297.0,8,4,2089.85,2
13298.0,1,1,360.0,0
13299.0,268,1,142.5,3
13300.0,169,1,371.89,3
13301.0,104,4,618.09,1
13302.0,155,1,63.75,3
13304.0,351,1,300.42,3
13305.0,4,10,2000.86,2
13307.0,120,1,15.0,3
13308.0,23,3,1385.51,1
13309.0,7,5,1456.79,2
13310.0,28,3,1132.03,1
13311.0,4,2,598.57,0
13313.0,22,5,1555.32,1
13314.0,2,3,775.94,0
13316.0,37,4,5732.93,1
13317.0,66,6,2273.68,1
13318.0,1,3,640.76,0
13319.0,5,26,10845.550000000001,2
13320.0,78,4,1532.2,1
13321.0,72,2,567.36,3
13322.0,17,1,199.48000000000002,0
13323.0,3,5,787.85,0
13324.0,36,10,7121.95,2
13325.0,82,1,675.3,3
13327.0,39,8,3627.77,2
13328.0,316,1,1308.48,3
13329.0,32,2,789.0,0
13330.0,93,3,1140.93,1
13332.0,14,1,350.9,0
13334.0,82,3,3502.32,1
13336.0,77,1,795.12,3
13338.0,158,1,437.02,3
13339.0,201,1,860.12,3
13340.0,45,7,10736.48,2
13341.0,261,1,775.85,3
13343.0,178,1,303.43,3
13344.0,68,3,2089.89,1
13345.0,288,1,339.5,3
13347.0,70,1,291.36,3
13348.0,64,1,233.76,3
13349.0,11,1,197.32,0
13350.0,16,2,829.17,0
13351.0,66,1,323.94,3
13352.0,60,1,347.97999999999996,3
13354.0,71,1,743.53,3
13355.0,122,1,674.7,3
13356.0,80,1,768.24,3
13357.0,257,1,609.4,3
13358.0,269,1,389.03,3
13359.0,64,1,389.56,3
13362.0,9,4,3090.7400000000002,2
13363.0,18,2,892.5,0
13364.0,71,1,134.95999999999998,3
13365.0,34,2,2225.37,1
13366.0,50,1,56.160000000000004,3
13368.0,257,2,573.4,3
13369.0,366,1,258.28000000000003,3
13370.0,372,1,754.87,3
13372.0,90,1,328.64,3
13373.0,61,3,3312.25,1
13375.0,89,1,778.65,3
13376.0,99,3,869.76,1
13379.0,26,3,572.56,0
13381.0,32,6,3639.31,1
13382.0,281,1,222.99,3
13384.0,31,7,4151.93,2
13385.0,330,1,534.57,3
13388.0,131,2,627.15,3
13389.0,11,3,797.96,0
13390.0,75,1,544.08,3
13391.0,204,1,59.8,3
13394.0,2,8,2520.02,2
13395.0,185,1,307.72,3
13396.0,29,2,1360.99,1
13397.0,73,5,1544.13,1
13398.0,192,1,457.34,3
13402.0,127,2,621.23,3
13403.0,18,1,75.0,0
13404.0,1,2,252.49,0
13405.0,74,3,572.451,1
13408.0,2,62,27977.24,2
13410.0,24,5,1003.06,1
13411.0,107,1,213.55,3
13414.0,134,3,1390.5,1
13416.0,44,2,712.5,1
13417.0,5,2,640.83,0
13418.0,12,18,5877.43,2
13419.0,64,1,221.06,3
13420.0,150,2,159.85,3
13421.0,40,2,1833.71,1
13422.0,64,1,2626.3,1
13425.0,108,3,1624.21,1
13426.0,1,10,3641.32,2
13427.0,19,3,582.6,0
13428.0,10,1,201.78,0
13429.0,11,4,1006.8,0
13430.0,19,2,679.45,0
13431.0,67,2,1269.1,1
13434.0,74,2,534.24,3
13435.0,5,7,3809.8900000000003,2
13436.0,2,1,196.89,0
13437.0,14,7,3368.11,2
13439.0,255,1,283.71,3
13441.0,92,1,296.64,3
13447.0,23,3,1129.14,1
13448.0,17,6,3534.69,2
13449.0,24,1,291.88,0
13450.0,27,6,2043.7199999999998,1
13451.0,26,5,2898.2599999999998,1
13453.0,166,2,356.97999999999996,3
13455.0,25,2,1058.34,0
13456.0,18,6,1766.72,1
13458.0,7,14,9646.57,2
13460.0,29,2,183.44,0
13461.0,39,3,1445.0,1
13462.0,253,1,151.5,3
13464.0,58,1,674.68,3
13466.0,184,1,307.9,3
13467.0,11,2,1071.91,0
13468.0,2,37,5704.97,2
13470.0,99,2,165.0,3
13471.0,1,4,2501.84,2
13473.0,61,2,422.64,3
13474.0,236,1,226.84,3
13475.0,191,4,1431.78,1
13476.0,179,2,988.47,3
13477.0,38,6,1454.58,1
13479.0,201,2,300.95,3
13481.0,46,5,1804.56,1
13482.0,232,1,184.64,3
13483.0,66,1,140.34,3
13484.0,241,1,313.8,3
13485.0,233,1,454.24,3
13486.0,78,3,1122.41,1
13487.0,58,3,575.4,1
13488.0,17,13,8918.36,2
13489.0,105,4,449.52,1
13491.0,52,10,1215.82,1
13492.0,136,3,1269.84,1
13493.0,275,2,498.63,3
13494.0,312,1,316.26000000000005,3
13495.0,8,5,2044.8700000000001,2
13496.0,11,2,653.33,0
13497.0,283,2,348.05,3
13499.0,18,5,1159.11,1
13500.0,23,3,1166.77,1
13501.0,288,1,1340.32,3
13502.0,17,3,292.0,0
13503.0,71,1,216.85,3
13504.0,64,1,295.93,3
13505.0,73,4,3633.63,1
13506.0,316,2,458.52,3
13507.0,3,4,2479.16,2
13508.0,244,1,110.97,3
13509.0,9,7,979.72,2
13510.0,1,4,1791.56,2
13512.0,261,1,251.21,3
13513.0,127,1,205.1,3
13514.0,74,1,152.20000000000002,3
13515.0,73,4,891.12,1
13516.0,21,3,1389.41,1
13517.0,60,3,2128.42,1
13518.0,86,1,627.16,3
13519.0,78,1,122.75,3
13520.0,59,6,2984.35,1
13521.0,1,3,1071.73,0
13522.0,30,1,125.80000000000001,0
13523.0,33,5,3634.88,1
13524.0,41,5,680.1800000000001,1
13525.0,15,2,628.78,0
13527.0,34,7,2242.36,1
13529.0,79,2,307.76,3
13531.0,205,2,483.8,3
13532.0,34,1,210.31,0
13533.0,183,3,269.09,3
13534.0,2,25,5870.08,2
13536.0,1,7,3444.39,2
13538.0,43,7,1280.85,1
13539.0,86,3,631.34,1
13544.0,40,2,276.06,0
13546.0,12,3,621.09,0
13548.0,96,2,678.16,3
13549.0,26,7,918.2,1
13551.0,319,1,91.80000000000001,3
13552.0,66,12,3740.07,2
13555.0,74,4,4098.88,1
13557.0,28,2,584.06,0
13558.0,6,4,594.52,0
13560.0,7,1,171.42000000000002,0
13561.0,216,1,141.85999999999999,3
13562.0,82,3,1799.33,1
13563.0,84,2,527.53,3
13564.0,354,2,1174.03,3
13565.0,19,2,240.22,0
13566.0,41,2,856.84,1
13568.0,173,1,187.05,3
13569.0,17,2,338.62,0
13570.0,243,1,239.49,3
13571.0,13,12,2088.94,2
13572.0,206,1,1384.25,3
13573.0,50,2,290.25,0
13575.0,23,5,732.0699999999999,1
13576.0,10,18,6717.34,2
13577.0,25,4,1687.6000000000001,1
13579.0,15,2,467.04,0
13581.0,309,1,118.0,3
13583.0,156,1,781.03,3
13584.0,307,1,142.4,3
13587.0,64,1,712.4,3
13588.0,16,9,2478.95,2
13589.0,15,2,379.65,0
13590.0,11,6,1981.92,2
13591.0,65,3,1117.13,1
13592.0,36,4,247.95999999999998,0
13593.0,108,5,2011.88,1
13594.0,53,1,396.97,3
13596.0,6,2,664.11,0
13598.0,47,1,160.04,3
13599.0,1,21,5030.07,2
13600.0,312,1,219.52,3
13601.0,45,2,693.32,1
13602.0,65,1,428.89,3
13603.0,26,1,164.34,0
13606.0,29,3,276.75,0
13607.0,40,1,675.51,0
13610.0,12,7,1082.33,2
13611.0,89,3,1154.4,1
13614.0,24,4,1585.46,1
13615.0,319,1,417.69,3
13617.0,40,3,544.18,1
13618.0,174,1,177.34,3
13621.0,117,1,213.85,3
13623.0,31,5,727.74,1
13626.0,253,1,257.23,3
13627.0,59,5,1638.47,1
13629.0,23,11,7792.36,2
13630.0,5,7,2031.78,2
13631.0,100,11,3070.42,1
13632.0,25,5,2118.93,1
13634.0,33,5,1547.3600000000001,1
13635.0,68,1,1071.03,3
13636.0,37,5,949.12,1
13637.0,52,3,804.3,1
13638.0,16,1,122.64,0
13639.0,74,1,1033.34,3
13642.0,216,1,312.28,3
13643.0,31,3,519.44,0
13644.0,16,4,2624.26,1
13645.0,120,1,252.1,3
13647.0,10,4,1648.1200000000001,1
13649.0,257,2,346.6,3
13650.0,17,6,1836.34,1
13651.0,35,2,94.2,0
13652.0,46,3,1095.08,1
13654.0,43,6,2707.33,1
13655.0,114,2,932.97,1
13656.0,165,2,379.65,3
13657.0,11,2,382.14,0
13658.0,10,5,2472.17,2
13659.0,206,2,1462.05,1
13662.0,86,3,881.26,1
13663.0,179,1,189.47,3
13666.0,60,3,84.65,3
13667.0,149,1,299.05,3
13668.0,3,21,6309.83,2
13669.0,51,2,218.55,3
13670.0,75,1,349.7,3
13672.0,301,2,186.39000000000001,3
13673.0,19,2,387.44,0
13675.0,151,2,486.82000000000005,3
13678.0,152,1,232.6,3
13680.0,1,4,3719.12,2
13681.0,18,4,827.83,1
13682.0,187,1,59.5,3
13684.0,286,1,65.13,3
13685.0,3,7,3119.44,2
13686.0,183,1,72.0,3
13689.0,63,1,910.0,3
13690.0,59,1,172.25,3
13692.0,25,3,1452.3700000000001,1
13694.0,4,50,65039.62,2
13695.0,31,15,2504.13,2
13697.0,39,1,151.29999999999998,3
13699.0,155,1,308.58000000000004,3
13700.0,26,10,2248.63,2
13703.0,318,1,99.5,3
13704.0,5,9,2308.06,2
13705.0,8,3,546.86,0
13706.0,303,1,330.79,3
13707.0,267,2,770.46,3
13708.0,271,1,285.33,3
13709.0,4,13,6307.650000000001,2
13710.0,32,1,180.48,0
13711.0,219,2,252.06,3
13712.0,247,1,228.84,3
13715.0,281,5,1077.39,1
13716.0,269,1,138.28,3
13717.0,32,6,1445.01,1
13718.0,246,2,306.55,3
13719.0,15,5,1041.68,1
13720.0,117,4,799.9,1
13721.0,36,1,524.14,0
13722.0,132,3,2375.41,1
13723.0,217,1,199.85000000000002,3
13725.0,50,8,1980.56,1
13726.0,39,2,1079.6599999999999,1
13727.0,29,2,333.48,0
13728.0,37,6,1016.14,1
13730.0,136,2,752.6,3
13731.0,219,2,610.59,3
13732.0,28,1,491.86,0
13735.0,25,4,2883.54,1
13736.0,5,2,729.8,0
13737.0,200,1,339.59999999999997,3
13739.0,18,1,216.9,0
13740.0,241,1,350.75,3
13741.0,72,3,668.4300000000001,1
13742.0,17,12,3107.87,2
13743.0,3,7,1341.6,2
13744.0,95,2,1080.52,1
13745.0,162,1,300.04,3
13747.0,374,1,79.6,3
13748.0,96,5,948.25,1
13750.0,54,5,1647.26,1
13751.0,288,1,296.25,3
13752.0,124,6,1175.38,1
13753.0,288,1,741.26,3
13754.0,152,2,282.59999999999997,3
13755.0,4,9,2108.06,2
13756.0,2,14,5189.52,2
13758.0,12,7,3190.55,2
13759.0,33,2,659.4100000000001,0
13760.0,54,2,286.79,3
13761.0,50,2,1070.65,1
13762.0,219,1,306.72,3
13763.0,63,1,1714.96,1
13764.0,71,3,1519.42,1
13767.0,2,37,17220.36,2
13769.0,2,10,2796.51,2
13771.0,64,4,2634.45,1
13772.0,34,3,1122.63,1
13774.0,82,1,345.0,3
13777.0,1,33,25977.16,2
13778.0,103,1,178.7,3
13780.0,7,2,360.01,0
13781.0,251,1,127.84,3
13782.0,13,6,908.86,1
13784.0,10,11,2462.79,2
13786.0,367,1,230.39999999999998,3
13787.0,76,2,309.04,3
13790.0,4,1,348.8,0
13791.0,128,2,1516.0,1
13792.0,66,2,195.55,3
13798.0,1,57,37153.85,2
13799.0,117,2,688.86,3
13800.0,310,1,558.32,3
13801.0,67,1,324.8,3
13802.0,139,3,4599.42,1
13803.0,255,1,277.07,3
13804.0,31,7,2588.39,1
13805.0,52,2,924.6,1
13806.0,64,1,256.38,3
13807.0,367,1,112.6,3
13808.0,6,5,1747.66,2
13809.0,305,1,155.05,3
13810.0,29,2,899.51,0
13811.0,184,2,591.75,3
13812.0,42,3,539.0,1
13813.0,40,4,1366.8600000000001,1
13814.0,92,2,1579.12,1
13815.0,22,4,4027.36,1
13816.0,24,2,531.72,0
13817.0,29,2,382.98,0
13819.0,302,3,1140.35,1
13821.0,145,2,385.64,3
13822.0,6,2,632.0,0
13823.0,19,2,957.66,0
13824.0,33,5,1698.94,1
13826.0,176,1,189.5,3
13827.0,58,3,409.8,1
13828.0,22,1,209.49,0
13831.0,16,6,2198.45,2
13832.0,19,1,52.199999999999996,0
13833.0,159,1,383.85,3
13835.0,25,4,834.57,1
13837.0,212,2,266.59000000000003,3
13838.0,6,4,674.82,0
13841.0,253,1,85.0,3
13842.0,59,9,3385.62,1
13844.0,11,1,361.62,0
13845.0,65,1,312.98,3
13846.0,25,3,865.0600000000001,1
13848.0,92,3,1255.0,1
13849.0,52,2,1537.95,1
13850.0,129,1,1595.48,1
13851.0,96,3,2651.46,1
13853.0,57,1,1090.14,1
13854.0,9,25,8109.5199999999995,2
13856.0,169,3,388.5,3
13858.0,57,1,216.17,3
13859.0,326,1,201.16,3
13860.0,1,5,1245.9,2
13862.0,18,8,2209.36,2
13863.0,248,1,305.78,3
13865.0,58,4,501.56,1
13866.0,74,1,145.67000000000002,3
13867.0,31,3,1005.09,1
13868.0,7,2,3192.54,0
13869.0,123,4,3083.65,1
13870.0,2,8,2770.94,2
13871.0,23,13,6403.25,2
13873.0,120,3,389.6,3
13874.0,358,1,361.7,3
13875.0,54,5,1786.79,1
13876.0,64,1,122.7,3
13877.0,86,1,117.24,3
13878.0,55,1,1271.57,1
13880.0,21,13,3219.77,2
13881.0,4,20,17159.52,2
13882.0,3,5,1191.13,2
13883.0,11,5,2674.48,2
13884.0,7,5,787.6,0
13885.0,189,2,506.8,3
13886.0,71,1,243.56,3
13887.0,204,1,349.55,3
13888.0,120,2,595.67,3
13889.0,93,1,416.90000000000003,3
13890.0,1,10,1883.8100000000002,2
13892.0,27,4,632.97,1
13893.0,298,1,821.1,3
13894.0,24,3,564.62,0
13895.0,28,4,2593.07,1
13897.0,50,1,311.16,3
13898.0,326,1,155.93,3
13899.0,16,2,388.52,0
13900.0,183,3,740.95,1
13901.0,72,5,2807.25,1
13904.0,37,2,332.64,0
13908.0,80,4,2319.55,1
13911.0,57,9,2580.91,1
13914.0,12,2,626.45,0
13917.0,50,2,272.04,3
13918.0,50,2,1212.8400000000001,1
13919.0,59,2,384.81,3
13922.0,352,1,172.25,3
13923.0,54,1,351.13,3
13924.0,2,6,1838.8500000000001,2
13925.0,93,4,678.25,1
13926.0,23,1,183.9,0
13927.0,75,1,348.99,3
13928.0,11,4,464.57,0
13929.0,169,2,842.65,3
13930.0,58,2,337.34,3
13931.0,96,2,1237.53,1
13932.0,295,1,307.4,3
13933.0,109,2,608.7900000000001,3
13934.0,264,1,922.1,3
13936.0,180,1,376.58,3
13937.0,169,1,158.85,3
13938.0,35,1,71.66,3
13939.0,23,3,568.55,0
13940.0,17,4,839.14,1
13941.0,22,5,4945.96,1
13946.0,79,3,561.5699999999999,1
13947.0,65,1,90.6,3
13948.0,361,1,102.0,3
13949.0,3,6,2427.32,2
13950.0,11,4,745.06,0
13951.0,176,3,674.45,1
13952.0,218,2,3251.071,1
13953.0,7,7,3515.68,2
13954.0,2,2,439.92,0
13955.0,154,2,322.96,3
13956.0,5,5,1019.27,0
13959.0,79,3,594.04,1
13960.0,21,2,230.22,0
13962.0,22,2,169.55,0
13963.0,308,4,664.54,1
13967.0,146,1,80.7,3
13969.0,7,18,8729.22,2
13971.0,19,8,2758.26,2
13972.0,71,2,190.25,3
13973.0,287,1,264.7,3
13974.0,49,1,413.59000000000003,3
13975.0,31,6,2461.2400000000002,1
13976.0,207,1,357.98,3
13978.0,15,2,196.79000000000002,0
13979.0,73,1,869.87,3
13980.0,60,1,200.14,3
13982.0,39,4,1871.81,1
13983.0,30,10,1733.43,2
13984.0,27,5,920.51,1
13985.0,4,15,7060.13,2
13986.0,17,1,320.46,0
13988.0,20,6,4076.06,2
13989.0,66,2,1266.08,1
13990.0,213,1,311.3,3
13991.0,12,6,852.88,1
13992.0,30,1,76.8,0
13993.0,43,9,3326.56,2
13994.0,4,6,2274.14,2
13995.0,15,5,1393.69,1
13999.0,10,12,3901.81,2
14000.0,211,1,635.66,3
14001.0,46,3,2043.0800000000002,1
14002.0,134,2,529.73,3
14004.0,43,7,4582.64,1
14005.0,10,5,2874.72,2
14006.0,116,3,962.19,1
14009.0,198,2,695.61,3
14012.0,278,1,328.8,3
14013.0,110,3,473.02,3
14014.0,77,1,505.18,3
14015.0,53,1,917.34,0
14016.0,162,4,4226.21,1
14019.0,47,3,1421.61,1
14020.0,17,2,642.8,0
14021.0,155,3,631.9,1
14022.0,225,1,440.0,3
14023.0,7,2,584.07,0
14024.0,122,2,327.7,3
14027.0,61,1,104.82,3
14029.0,63,2,467.66,3
14030.0,18,8,1903.84,2
14031.0,7,19,17286.86,2
14032.0,2,11,2975.59,2
14034.0,22,3,648.89,0
14035.0,29,5,1428.02,1
14036.0,285,1,626.65,3
14037.0,176,2,147.20000000000002,3
14038.0,78,3,1560.38,1
14039.0,33,1,152.2,0
14040.0,41,12,3560.32,2
14041.0,266,1,141.41,3
14044.0,27,4,596.47,1
14045.0,109,4,1659.75,1
14046.0,284,1,154.99,3
14047.0,9,5,1308.6100000000001,1
14048.0,305,1,409.93,3
14049.0,17,4,5477.7699999999995,1
14050.0,32,2,746.36,0
14051.0,1,23,15610.390000000001,2
14052.0,20,1,225.36,0
14053.0,124,2,260.25,3
14054.0,65,1,92.46,3
14055.0,106,1,725.6400000000001,3
14056.0,1,23,8152.71,2
14057.0,24,17,6211.66,2
14059.0,267,1,183.6,3
14060.0,5,19,6140.42,2
14062.0,10,12,10464.85,2
14064.0,29,5,1334.34,1
14066.0,267,1,152.55,3
14067.0,64,2,374.7,3
14068.0,320,1,265.85,3
14071.0,4,8,1437.57,2
14073.0,32,1,151.04,0
14075.0,5,3,942.26,0
14076.0,129,1,118.67,3
14077.0,41,5,499.41999999999996,1
14078.0,102,6,1049.37,1
14079.0,125,1,375.1,3
14080.0,33,1,45.599999999999994,3
14081.0,302,2,921.62,3
14082.0,365,1,182.25,3
14083.0,4,9,1002.9,2
14085.0,2,18,4421.29,2
14087.0,3,1,191.47,0
14088.0,10,13,49669.86,2
14089.0,57,1,158.75,3
14090.0,325,1,76.32000000000001,3
14092.0,8,14,4076.91,2
14093.0,12,1,433.86,0
14096.0,4,17,53199.35,2
14098.0,37,1,147.35,3
14099.0,16,11,3104.17,2
14100.0,138,1,191.95000000000002,3
14101.0,74,6,5976.79,1
14102.0,5,5,1105.8799999999999,2
14104.0,155,2,131.21,3
14105.0,239,1,1266.23,3
14107.0,52,7,2703.23,1
14108.0,31,2,597.91,0
14109.0,73,1,144.2,3
14110.0,4,12,5683.15,2
14111.0,14,4,692.85,0
14112.0,23,7,2915.15,2
14113.0,4,4,1840.42,2
14114.0,274,2,386.53,3
14116.0,20,5,1382.74,1
14117.0,144,1,90.0,3
14121.0,4,4,2780.15,2
14124.0,84,1,419.58000000000004,3
14125.0,11,3,2720.63,1
14126.0,8,3,706.1300000000001,0
14127.0,123,3,709.71,1
14128.0,61,2,637.5,1
14129.0,2,5,1123.8600000000001,2
14130.0,319,1,480.91,3
14132.0,2,11,3586.0299999999997,2
14133.0,130,3,569.6899999999999,1
14135.0,2,15,4690.31,2
14138.0,2,2,965.8800000000001,0
14139.0,46,1,415.82,3
14140.0,4,2,935.05,0
14141.0,3,4,915.13,0
14142.0,373,1,311.81,3
14143.0,134,1,115.8,3
14145.0,47,4,3742.2,1
14146.0,9,5,4191.0,2
14147.0,78,2,483.4,3
14148.0,234,1,157.2,3
14149.0,221,1,446.62,3
14150.0,36,2,658.64,0
14152.0,75,2,621.29,3
14154.0,239,2,1150.62,3
14155.0,266,1,118.75,3
14156.0,10,53,115651.38,2
14157.0,20,2,424.89000000000004,0
14158.0,40,1,507.66,0
14159.0,20,11,4630.35,2
14161.0,216,3,1097.6200000000001,1
14162.0,174,2,289.36,3
14163.0,87,4,2314.11,1
14164.0,71,2,1631.77,1
14165.0,276,1,120.44,3
14167.0,39,4,562.59,1
14171.0,98,1,363.79,3
14173.0,11,4,450.84,0
14174.0,33,1,134.46,0
14175.0,60,3,3222.3,1
14176.0,297,4,576.9000000000001,3
14177.0,86,4,549.46,1
14178.0,9,7,1600.26,2
14179.0,41,2,701.57,0
14180.0,11,25,4543.57,2
14184.0,67,1,452.89,3
14185.0,331,1,32.65,3
14188.0,31,6,2054.36,1
14189.0,2,15,4654.08,2
14191.0,2,13,4684.76,2
14193.0,68,2,853.39,1
14194.0,5,21,11349.52,2
14195.0,202,2,1012.0,3
14196.0,107,1,335.52,3
14198.0,18,4,701.4,0
14199.0,218,1,185.39999999999998,3
14201.0,60,7,747.44,1
14204.0,2,1,150.61,0
14205.0,17,2,466.7,0
14206.0,239,1,328.15999999999997,3
14208.0,95,1,151.74,3
14209.0,11,6,2073.43,2
14210.0,106,6,1905.8400000000001,1
14211.0,53,9,2241.1,1
14212.0,90,1,1070.48,3
14214.0,31,5,1004.38,1
14215.0,12,6,1789.72,2
14216.0,3,4,1839.3,2
14217.0,2,17,2004.98,2
14218.0,43,1,169.48000000000002,3
14219.0,4,1,89.94,0
14220.0,247,2,632.4,3
14221.0,42,9,3432.8,2
14222.0,177,1,683.17,3
14223.0,92,3,991.13,1
14224.0,110,4,1009.73,1
14226.0,29,5,2214.79,1
14227.0,26,10,3350.96,2
14229.0,52,3,1547.2,1
14231.0,184,3,845.8100000000001,1
14232.0,43,5,2048.07,1
14233.0,49,4,1462.72,1
14234.0,22,4,754.12,1
14235.0,75,5,3144.86,1
14236.0,81,2,490.86,3
14237.0,373,1,161.0,3
14238.0,326,1,146.85,3
14239.0,43,11,2380.85,2
14240.0,30,2,890.34,0
14241.0,184,1,213.70000000000002,3
14242.0,235,2,280.55,3
14243.0,9,10,2588.77,2
14245.0,220,2,1693.45,1
14246.0,111,3,1474.06,1
14247.0,278,1,136.76999999999998,3
14248.0,318,1,302.58,3
14250.0,7,3,1904.05,0
14251.0,2,5,2879.7000000000003,2
14256.0,260,2,969.0600000000001,3
14257.0,64,5,3063.77,1
14258.0,9,9,12669.98,2
14259.0,142,1,120.0,3
14261.0,51,2,1163.45,1
14262.0,8,8,2618.23,2
14264.0,155,2,333.97,3
14265.0,109,2,530.18,3
14267.0,163,3,1516.24,1
14270.0,332,1,492.65000000000003,3
14271.0,226,1,112.32,3
14272.0,74,2,437.96,3
14273.0,51,4,559.97,1
14276.0,99,3,1119.74,1
14277.0,15,3,4188.0,1
14280.0,197,1,134.04,3
14282.0,3,15,3701.44,2
14284.0,31,2,595.25,0
14285.0,21,4,1910.01,1
14286.0,24,3,4628.75,1
14287.0,8,3,176.63,0
14288.0,213,1,426.6,3
14289.0,9,6,911.26,1
14290.0,11,5,2274.7000000000003,2
14291.0,2,11,3883.25,2
14292.0,8,9,4871.93,2
14293.0,3,4,1046.56,0
14295.0,40,1,166.20000000000002,3
14297.0,18,4,1305.33,1
14298.0,8,44,51527.3,2
14299.0,8,9,3965.62,2
14300.0,19,1,43.2,0
14301.0,117,1,640.14,3
14304.0,223,1,383.45,3
14305.0,71,3,1858.96,1
14306.0,51,2,2093.32,1
14307.0,89,6,2995.72,1
14309.0,8,9,2352.53,2
14311.0,243,1,310.26,3
14312.0,47,6,1611.59,1
14314.0,107,1,120.0,3
14315.0,45,6,2481.13,1
14317.0,65,1,508.58000000000004,3
14320.0,207,2,477.79,3
14321.0,11,5,1530.75,1
14323.0,115,2,605.0600000000001,3
14326.0,242,1,183.85,3
14327.0,163,1,311.65,3
14329.0,17,7,4975.24,2
14331.0,124,2,462.65999999999997,3
14332.0,23,3,840.21,1
14333.0,68,1,415.2,3
14334.0,17,8,2552.21,2
14335.0,16,2,454.86,0
14336.0,17,4,1614.91,1
14338.0,161,2,588.22,3
14339.0,243,1,309.52,3
14340.0,219,1,134.7,3
14341.0,45,8,2166.98,1
14342.0,21,4,668.5600000000001,1
14344.0,127,8,849.98,1
14345.0,39,1,108.97999999999999,3
14346.0,121,2,936.58,1
14348.0,260,1,409.57,3
14349.0,10,1,133.5,0
14350.0,274,1,282.93,3
14351.0,165,1,51.0,3
14352.0,157,4,1078.96,1
14353.0,215,1,90.6,3
14354.0,6,2,163.62,0
14355.0,366,1,174.4,3
14356.0,80,2,701.23,1
14357.0,43,1,225.12,3
14359.0,19,3,912.18,0
14360.0,32,4,2118.03,1
14362.0,22,1,151.5,0
14364.0,109,8,3717.35,1
14367.0,8,16,9227.82,2
14368.0,320,1,155.0,3
14371.0,295,1,100.5,3
14373.0,358,1,76.55,3
14375.0,185,1,235.56,3
14377.0,191,2,581.1,3
14379.0,44,2,348.1,0
14381.0,52,1,202.68,3
14382.0,26,1,615.49,0
14383.0,38,3,1247.69,1
14385.0,9,3,202.11,0
14386.0,297,1,142.4,3
14387.0,33,3,1727.6,1
14388.0,10,8,3212.84,2
14389.0,65,2,1043.46,1
14390.0,10,9,4602.62,2
14393.0,218,1,67.95,3
14395.0,2,9,3479.91,2
14396.0,65,2,487.99,3
14397.0,3,19,2612.96,2
14400.0,149,1,574.7,3
14401.0,4,13,4051.48,2
14403.0,130,4,1475.81,1
14404.0,34,6,1449.32,1
14406.0,119,1,156.75,3
14407.0,107,6,2157.73,1
14408.0,11,7,2599.03,2
14409.0,71,6,2023.5,1
14410.0,92,9,1100.27,1
14411.0,311,1,1063.0,3
14412.0,43,2,770.03,1
14413.0,362,1,121.05,3
14414.0,92,7,1496.98,1
14415.0,1,13,5855.57,2
14416.0,22,2,490.22,0
14418.0,4,3,1897.3,0
14419.0,11,6,1051.79,1
14420.0,99,1,387.52,3
14421.0,57,2,813.11,1
14422.0,1,6,4263.64,2
14423.0,218,1,265.2,3
14424.0,18,1,322.08,0
14426.0,24,10,4481.67,2
14427.0,50,2,363.34000000000003,0
14428.0,7,5,1224.06,2
14431.0,303,1,470.36,3
14432.0,10,6,2248.5,2
14434.0,22,6,1372.8,1
14436.0,99,1,89.06,3
14437.0,366,1,63.0,3
14438.0,306,1,131.9,3
14439.0,320,1,2661.24,1
14440.0,8,5,2357.6800000000003,2
14441.0,1,4,1712.89,2
14442.0,205,2,1589.82,1
14443.0,54,4,1384.25,1
14446.0,1,4,1010.35,0
14447.0,19,5,1163.23,1
14448.0,9,2,375.35,0
14449.0,19,4,885.8,1
14450.0,181,3,483.25,3
14451.0,60,2,643.9,1
14452.0,11,2,259.05,0
14453.0,190,1,119.93,3
14456.0,5,9,3017.28,2
14457.0,311,1,113.64,3
14459.0,155,1,1837.92,1
14460.0,110,3,434.34,3
14461.0,148,3,2103.06,1
14462.0,66,11,1980.57,1
14463.0,98,3,529.62,1
14465.0,247,3,1038.44,1
14466.0,29,7,2272.4,1
14467.0,18,4,596.26,0
14470.0,12,2,461.19,0
14472.0,104,8,1852.67,1
14473.0,74,2,234.34000000000003,3
14474.0,46,1,547.66,0
14475.0,72,3,925.85,1
14476.0,257,1,193.0,3
14477.0,20,4,1309.6,1
14479.0,254,2,316.25,3
14480.0,11,1,279.05,0
14481.0,165,2,636.51,3
14482.0,18,6,2022.81,1
14483.0,282,1,137.1,3
14484.0,50,1,321.92,3
14485.0,39,1,162.8,3
14487.0,27,6,1165.48,1
14488.0,68,1,1064.28,3
14489.0,207,1,463.38,3
14491.0,175,2,340.93,3
14493.0,7,5,2343.29,2
14494.0,26,1,139.56,0
14495.0,51,2,123.8,3
14496.0,312,2,538.8100000000001,3
14497.0,309,1,475.37,3
14498.0,43,5,1787.32,1
14499.0,26,3,808.44,1
14500.0,88,3,356.85,3
14501.0,184,2,251.21,3
14502.0,20,11,2429.83,2
14503.0,3,6,3543.26,2
14504.0,47,4,673.26,1
14505.0,17,8,5809.4800000000005,2
14506.0,17,5,1960.65,1
14507.0,24,6,1367.88,1
14508.0,22,2,268.05,0
14511.0,11,5,1314.81,1
14512.0,188,2,275.28,3
14513.0,101,3,455.59000000000003,3
14514.0,61,3,990.2,1
14515.0,18,6,2076.89,1
14517.0,33,2,330.45,0
14518.0,64,1,174.37,3
14520.0,2,2,270.6,0
14522.0,24,4,974.54,1
14523.0,108,1,241.09,3
14524.0,32,9,1758.83,1
14525.0,20,9,4215.9,2
14527.0,3,55,8507.13,2
14528.0,37,1,364.21999999999997,0
14529.0,60,3,578.61,1
14530.0,26,6,2862.11,1
14532.0,236,4,932.85,1
14533.0,25,7,1949.72,1
14534.0,3,18,4397.3,2
14535.0,60,3,2854.84,1
14536.0,260,1,170.95,3
14537.0,58,1,355.56,3
14538.0,65,2,388.25,3
14539.0,16,2,537.48,0
14540.0,10,3,952.66,0
14541.0,59,8,1453.35,1
14542.0,186,1,103.25,3
14543.0,29,16,3599.73,2
14544.0,24,2,2004.3,1
14546.0,5,5,2573.93,2
14547.0,4,8,3974.75,2
14548.0,151,2,652.8,3
14549.0,311,1,289.24,3
14550.0,11,2,757.37,0
14551.0,18,2,186.23,0
14552.0,152,1,164.22,3
14553.0,19,5,694.27,1
14554.0,10,4,2279.4900000000002,1
14555.0,57,2,312.54,3
14557.0,85,1,788.38,3
14560.0,7,22,2237.77,2
14561.0,76,3,1080.76,1
14562.0,4,18,4926.87,2
14565.0,96,4,2949.12,1
14566.0,111,1,1432.0,3
14567.0,57,2,1530.3600000000001,1
14569.0,1,1,227.39,0
14570.0,281,2,218.06,3
14572.0,3,7,2804.54,2
14573.0,180,9,1639.82,1
14576.0,372,1,35.400000000000006,3
14577.0,13,4,859.71,0
14578.0,3,1,168.63,0
14581.0,17,1,138.6,0
14582.0,41,1,114.11,3
14583.0,6,5,986.96,0
14584.0,169,4,1033.06,1
14585.0,50,1,157.05,3
14586.0,277,1,237.36,3
14587.0,19,9,1580.29,2
14589.0,372,1,39.75,3
14591.0,15,4,1320.21,1
14592.0,35,3,557.94,0
14593.0,22,3,617.15,0
14594.0,7,2,363.33,0
14595.0,20,6,1740.6,1
14597.0,11,2,866.24,0
14598.0,44,1,221.97,3
14600.0,306,1,393.33000000000004,3
14601.0,11,1,213.96,0
14603.0,275,1,660.0,3
14606.0,1,93,11911.25,2
14607.0,16,14,16209.5,2
14608.0,4,4,1785.15,2
14609.0,72,4,601.56,1
14616.0,243,3,406.08000000000004,3
14618.0,9,3,553.44,0
14619.0,246,1,394.44,3
14620.0,206,2,412.78000000000003,3
14621.0,1,5,1788.3600000000001,2
14622.0,185,1,320.58000000000004,3
14623.0,32,5,886.7,1
14624.0,57,2,225.85,3
14625.0,196,2,899.63,3
14626.0,24,4,2751.32,1
14628.0,91,2,671.96,3
14629.0,4,2,955.26,0
14631.0,51,3,1006.98,1
14632.0,263,1,114.56,3
14633.0,266,1,344.90000000000003,3
14636.0,36,2,609.85,0
14638.0,51,1,443.6,3
14639.0,52,6,2984.49,1
14640.0,24,6,2107.38,1
14641.0,22,1,110.46,0
14642.0,59,1,96.12,3
14643.0,170,2,693.8100000000001,3
14644.0,68,2,830.76,1
14645.0,157,2,557.14,3
14646.0,2,73,279417.22,2
14647.0,201,1,236.04000000000002,3
14649.0,5,4,1402.59,0
14651.0,67,2,653.75,1
14652.0,77,1,114.18,3
14653.0,1,7,1926.65,2
14655.0,8,4,1932.23,1
14656.0,169,2,291.05,3
14657.0,18,4,848.22,1
14658.0,5,2,207.2,0
14659.0,9,9,2529.93,2
14660.0,87,2,285.74,3
14661.0,27,1,107.95,0
14662.0,29,4,741.37,1
14664.0,20,2,636.24,0
14665.0,61,5,1835.7,1
14666.0,24,1,195.25,0
14667.0,11,25,9175.04,2
14669.0,242,3,1259.24,1
14670.0,280,2,392.86,3
14672.0,235,2,765.55,3
14673.0,3,5,1736.4,2
14675.0,16,1,596.36,0
14676.0,31,6,2548.2400000000002,1
14680.0,25,16,28754.11,2
14681.0,71,3,498.95,1
14682.0,188,2,52.0,3
14684.0,26,5,1201.51,1
14687.0,107,1,628.38,3
14688.0,8,21,5579.1,2
14689.0,209,1,112.8,3
14690.0,44,2,355.05,0
14691.0,31,5,2114.33,1
14692.0,137,4,591.55,1
14693.0,265,1,172.9,3
14696.0,4,7,2078.95,2
14697.0,218,2,188.60999999999999,3
14698.0,2,5,1217.27,2
14699.0,214,1,109.13000000000001,3
14700.0,32,3,2195.1,1
14701.0,11,9,2122.64,2
14702.0,1,17,3251.79,2
14703.0,15,1,318.17,0
14704.0,11,9,1493.96,2
14705.0,199,1,179.0,3
14708.0,3,3,1126.37,0
14709.0,15,13,4921.04,2
14710.0,14,4,599.48,0
14711.0,10,11,2184.62,2
14712.0,29,3,917.07,1
14713.0,9,11,2662.2,2
14714.0,24,1,160.19,0
14715.0,25,4,867.38,1
14716.0,43,2,307.51,0
14719.0,2,5,1581.84,2
14720.0,6,3,663.81,0
14722.0,147,1,180.42000000000002,3
14723.0,10,6,1122.3600000000001,2
14725.0,25,1,655.58,0
14727.0,274,1,268.58,3
14729.0,374,1,313.49,3
14730.0,1,8,1897.57,2
14731.0,47,3,380.02,0
14732.0,8,8,2702.4900000000002,2
14733.0,16,12,9585.91,2
14735.0,4,32,6065.69,2
14737.0,4,3,1164.55,0
14738.0,43,7,1314.45,1
14739.0,4,7,3902.28,2
14740.0,197,3,1448.21,1
14741.0,12,6,1400.34,2
14744.0,16,7,1099.98,1
14745.0,113,5,1220.26,1
14747.0,249,1,328.2,3
14748.0,29,5,1415.75,1
14752.0,44,1,389.64,0
14753.0,87,1,563.15,3
14754.0,45,2,638.05,0
14755.0,10,11,4970.33,2
14756.0,15,1,738.96,0
14757.0,75,1,420.5,3
14758.0,145,4,1484.06,1
14759.0,5,3,1625.97,0
14760.0,297,1,89.2,3
14761.0,59,2,255.9,3
14762.0,264,1,300.52,3
14764.0,47,1,278.3,3
14765.0,29,3,254.11,0
14766.0,8,6,2473.37,2
14768.0,17,2,192.60000000000002,0
14769.0,3,8,10381.03,2
14770.0,232,2,876.42,3
14772.0,112,1,139.26,3
14775.0,58,3,1011.9,1
14776.0,51,11,2538.3,2
14778.0,127,2,730.86,3
14779.0,281,3,346.2,3
14780.0,55,2,447.68,0
14782.0,320,1,200.10000000000002,3
14784.0,26,2,250.04000000000002,0
14785.0,10,2,77.4,0
14788.0,7,2,679.4399999999999,0
14789.0,29,1,197.64,0
14790.0,17,4,745.06,0
14792.0,64,1,6.2,3
14793.0,21,1,228.99,0
14794.0,3,7,1319.91,2
14795.0,166,1,131.45000000000002,3
14796.0,1,17,7975.49,2
14798.0,53,3,173.74,3
14799.0,51,1,157.7,3
14800.0,48,12,4331.79,2
14801.0,61,1,189.34,3
14803.0,162,3,845.55,1
14804.0,9,1,353.27,0
14805.0,15,4,546.4,0
14806.0,75,1,193.39000000000001,3
14808.0,40,7,2448.7,1
14810.0,41,11,2085.33,2
14813.0,370,2,152.88,3
14815.0,37,2,778.5,0
14816.0,197,1,21.85,3
14817.0,200,2,1010.34,3
14818.0,74,3,657.8,1
14819.0,64,2,272.07,3
14820.0,21,4,507.29,0
14821.0,367,1,48.800000000000004,3
14823.0,180,3,321.43,3
14824.0,10,4,1127.71,0
14825.0,4,12,2221.01,2
14828.0,197,3,2139.76,1
14829.0,29,4,697.55,1
14830.0,53,1,188.88,3
14834.0,18,6,1720.3,1
14836.0,10,3,102.44999999999999,0
14837.0,90,4,1649.5,1
14840.0,268,1,62.85,3
14841.0,53,6,3295.76,1
14842.0,44,4,2529.69,1
14844.0,64,4,3189.81,1
14847.0,149,1,309.4,3
14849.0,22,25,7930.54,2
14850.0,312,1,325.75,3
14851.0,23,2,511.35,0
14852.0,58,6,2836.69,1
14853.0,24,2,475.8,0
14854.0,78,7,2660.13,1
14855.0,119,2,645.65,3
14856.0,36,3,1290.53,1
14857.0,60,2,1173.12,1
14859.0,13,4,1353.74,1
14860.0,19,1,170.32,0
14861.0,52,1,125.79,3
14862.0,26,2,841.1999999999999,0
14863.0,29,1,266.76,0
14865.0,7,2,52.2,0
14866.0,11,11,14353.4,2
14867.0,186,3,710.28,1
14868.0,3,8,2953.59,2
14869.0,9,2,721.45,0
14870.0,262,1,327.25,3
14871.0,3,4,501.28000000000003,0
14873.0,210,1,519.68,3
14875.0,108,2,1325.52,1
14878.0,13,9,1476.09,2
14880.0,77,3,690.59,1
14881.0,20,1,255.4,0
14882.0,27,2,589.7,0
14883.0,19,6,761.59,1
14885.0,132,1,765.3199999999999,3
14886.0,253,1,364.8,3
14887.0,79,1,1862.0,1
14888.0,207,1,369.2,3
14889.0,336,1,135.9,3
14890.0,254,1,125.65,3
14891.0,148,2,554.38,3
14893.0,10,2,1237.8500000000001,0
14894.0,85,1,655.75,3
14895.0,8,20,11102.76,2
14896.0,205,2,468.77000000000004,3
14897.0,8,4,1366.38,0
14898.0,23,6,1233.36,1
14901.0,11,9,1421.29,2
14902.0,26,1,332.66,0
14903.0,21,5,2795.33,1
14904.0,2,2,1025.44,0
14905.0,158,2,616.15,3
14907.0,3,7,3501.1,2
14908.0,74,1,277.8,3
14910.0,3,4,434.35,0
14911.0,1,198,135806.08,2
14912.0,17,2,867.85,0
14913.0,36,4,1227.43,1
14915.0,91,2,307.48,3
14916.0,71,4,1268.98,1
14918.0,116,2,1610.15,1
14920.0,213,2,977.77,3
14921.0,30,2,1316.07,1
14923.0,51,1,749.1,0
14924.0,246,1,185.05,3
14929.0,32,1,223.88,0
14930.0,109,3,2362.96,1
14931.0,5,4,864.6800000000001,0
14932.0,366,1,313.53,3
14934.0,82,2,1890.94,1
14935.0,297,1,1784.71,3
14936.0,34,8,8137.02,2
14937.0,57,3,1621.88,1
14944.0,30,12,5900.25,2
14946.0,14,1,100.9,0
14947.0,72,2,290.82,3
14948.0,23,6,1101.97,1
14950.0,19,1,371.2,0
14951.0,79,1,311.69,3
14952.0,60,11,8099.49,2
14953.0,25,1,285.67,0
14954.0,12,1,294.85,0
14957.0,253,1,58.49,3
14958.0,147,3,483.72999999999996,3
14959.0,64,4,695.42,1
14960.0,8,2,221.27,0
14961.0,11,9,7044.68,2
14962.0,271,1,126.7,3
14963.0,10,5,1472.34,1
14964.0,247,1,206.21,3
14965.0,96,2,596.09,3
14966.0,15,1,183.02,0
14967.0,50,1,463.8,3
14968.0,30,1,147.59,0
14970.0,68,4,1592.06,1
14971.0,35,3,1097.98,1
14972.0,128,1,114.77,3
14973.0,107,3,564.45,1
14974.0,37,1,89.94,3
14975.0,57,1,279.94,3
14976.0,57,7,790.86,1
14978.0,72,5,1921.3700000000001,1
14981.0,246,1,102.12,3
14984.0,19,2,202.37,0
14985.0,198,2,292.01,3
14987.0,16,2,326.4,0
14988.0,212,1,334.54,3
14995.0,39,2,231.98000000000002,0
14997.0,46,3,546.1999999999999,1
14998.0,170,2,414.87,3
15000.0,48,1,490.52,3
15002.0,116,4,1641.76,1
15004.0,147,1,1220.77,3
15005.0,16,28,6295.37,2
15006.0,51,1,480.38,3
15007.0,159,1,156.91,3
15009.0,12,3,1259.43,0
15010.0,36,1,308.94,0
15012.0,54,2,405.04,0
15014.0,43,2,257.67,0
15016.0,173,1,170.04,3
15017.0,34,1,125.58,0
15018.0,39,3,456.26,0
15019.0,267,1,252.81,3
15021.0,9,9,1871.77,2
15022.0,12,3,812.44,0
15023.0,3,11,6430.46,2
15024.0,10,10,1636.43,2
15025.0,33,1,361.96,0
15026.0,80,3,469.0,1
15027.0,31,4,1066.1499999999999,1
15028.0,8,4,627.13,0
15030.0,72,2,518.28,3
15031.0,4,4,653.19,0
15032.0,256,3,4959.1,1
15033.0,5,10,2557.18,2
15034.0,16,8,4274.16,2
15035.0,90,1,252.73000000000002,3
15036.0,72,3,429.56,1
15038.0,59,6,685.74,1
15039.0,10,47,19766.59,2
15041.0,170,1,179.93,3
15042.0,199,1,135.93,3
15043.0,31,1,537.0,0
15044.0,19,17,7634.7300000000005,2
15045.0,152,2,735.66,3
15046.0,9,15,5054.47,2
15047.0,270,1,343.62,3
15048.0,65,4,381.0,1
15049.0,274,1,121.17000000000002,3
15050.0,25,3,1737.69,1
15051.0,23,3,1383.3600000000001,1
15052.0,319,1,127.83,3
15053.0,5,3,693.95,0
15054.0,12,2,302.1,0
15057.0,275,2,1489.5,1
15058.0,25,11,2102.54,2
15059.0,41,9,1337.72,1
15060.0,8,4,294.25,0
15061.0,4,48,54534.14,2
15062.0,71,4,987.86,1
15063.0,213,1,370.79999999999995,3
15065.0,38,4,2868.18,1
15066.0,53,1,893.59,0
15067.0,78,3,1744.76,1
15068.0,46,2,553.36,0
15069.0,179,1,1109.53,3
15070.0,373,1,106.2,3
15071.0,94,2,982.07,1
15073.0,10,3,1043.41,0
15074.0,105,1,735.67,3
15075.0,78,1,773.03,3
15076.0,173,1,844.9,3
15078.0,7,32,9743.11,2
15079.0,213,3,773.76,1
15081.0,22,5,504.8,1
15083.0,257,1,88.2,3
15087.0,282,1,306.94,3
15088.0,21,2,1075.07,0
15089.0,10,6,2420.84,2
15090.0,308,1,381.32,3
15091.0,68,1,480.71,3
15092.0,215,2,457.81,3
15093.0,18,6,4597.02,2
15095.0,104,4,1370.6,1
15096.0,43,1,219.39000000000001,3
15097.0,4,1,248.08,0
15098.0,182,1,297.0,3
15099.0,84,1,410.48,3
15100.0,334,3,876.0,3
15101.0,9,2,317.53,0
15103.0,31,2,618.36,0
15104.0,197,2,993.54,3
15105.0,18,7,2298.93,2
15106.0,18,5,1422.52,1
15107.0,311,6,319.5,3
15108.0,142,4,1300.25,1
15109.0,246,1,484.95,3
15110.0,24,4,756.4,1
15111.0,29,3,1567.48,1
15113.0,10,3,3509.43,1
15114.0,30,10,2760.56,2
15115.0,18,1,340.11,0
15116.0,18,4,1352.75,1
15117.0,15,5,1551.78,1
15118.0,134,1,244.8,3
15119.0,246,1,226.45,3
15120.0,134,1,318.87,3
15121.0,50,2,457.72,0
15122.0,114,3,1633.78,1
15123.0,7,2,2199.31,0
15124.0,23,2,184.19,0
15125.0,25,15,11396.68,2
15127.0,66,1,406.53,3
15128.0,60,4,1471.0,1
15129.0,50,11,3447.4,2
15130.0,170,1,330.11,3
15132.0,18,5,977.9300000000001,1
15133.0,128,3,982.42,1
15134.0,15,8,1387.99,2
15135.0,239,1,139.05,3
15136.0,3,4,1286.7,0
15139.0,240,2,178.96,3
15140.0,52,7,2354.25,1
15142.0,46,1,498.74,0
15143.0,226,1,259.45,3
15144.0,8,17,6580.44,2
15145.0,4,4,1194.73,0
15146.0,165,2,1327.16,1
15147.0,240,1,623.5,3
15148.0,11,1,301.29,0
15149.0,134,1,520.8000000000001,3
15150.0,17,10,5291.33,2
15152.0,10,13,4745.69,2
15153.0,31,1,329.25,0
15154.0,75,1,254.28,3
15156.0,1,3,961.49,0
15157.0,4,3,1851.07,0
15158.0,45,1,401.40000000000003,0
15159.0,2,30,18141.010000000002,2
15160.0,357,1,158.16,3
15163.0,18,2,304.47,0
15164.0,69,3,824.58,1
15165.0,373,1,487.75,3
15167.0,321,1,158.8,3
15168.0,26,1,106.56,0
15171.0,331,1,1289.5,3
15172.0,9,5,1624.05,2
15174.0,323,1,135.75,3
15175.0,72,1,224.14,3
15178.0,260,1,40.5,3
15179.0,18,5,2206.95,1
15180.0,367,1,87.5,3
15181.0,66,3,689.4799999999999,1
15182.0,154,2,622.85,3
15184.0,29,2,402.2,0
15185.0,70,1,230.72,3
15186.0,14,2,411.41,0
15187.0,2,16,4777.18,2
15189.0,1,41,16140.39,2
15192.0,120,3,1044.32,1
15193.0,61,1,499.32,3
15194.0,3,15,7576.58,2
15195.0,3,1,3861.0,0
15197.0,11,3,660.21,0
15198.0,92,2,193.64,3
15199.0,59,4,1268.7,1
15201.0,87,5,1236.54,1
15203.0,26,6,1827.8,1
15204.0,357,1,316.58,3
15205.0,85,2,653.24,3
15206.0,10,4,420.29999999999995,0
15208.0,1,5,870.12,2
15210.0,225,1,245.28,3
15211.0,60,2,894.4100000000001,1
15212.0,241,1,101.8,3
15213.0,319,2,328.35,3
15214.0,2,8,1661.44,2
15215.0,47,3,734.94,1
15216.0,88,1,96.6,3
15218.0,11,11,5756.89,2
15219.0,176,1,305.75,3
15220.0,52,6,1778.96,1
15221.0,366,1,403.25,3
15222.0,319,1,585.0,3
15223.0,226,2,755.75,3
15224.0,358,2,322.08,3
15225.0,234,1,409.40000000000003,3
15226.0,311,1,154.41,3
15227.0,37,5,1219.4,1
15228.0,66,4,3386.71,1
15230.0,239,2,429.6,3
15232.0,113,2,612.06,3
15234.0,277,1,197.0,3
15235.0,218,12,2247.51,1
15236.0,299,1,321.05,3
15237.0,2,4,1412.32,2
15238.0,29,3,946.99,1
15239.0,10,2,780.59,0
15240.0,45,5,1706.57,1
15241.0,67,8,1756.44,1
15243.0,74,1,316.68,3
15244.0,65,2,631.57,1
15245.0,134,3,2515.84,1
15246.0,238,2,514.15,3
15247.0,122,1,356.0,3
15249.0,32,13,6688.46,2
15251.0,9,11,10484.99,2
15252.0,36,2,740.78,0
15253.0,16,5,918.1999999999999,1
15254.0,127,1,300.36,3
15255.0,67,1,890.85,3
15256.0,149,1,98.45,3
15257.0,283,1,152.14999999999998,3
15258.0,169,2,623.16,3
15260.0,100,7,1810.77,1
15261.0,135,1,254.82,3
15262.0,324,1,178.95000000000002,3
15263.0,107,1,156.51,3
15264.0,64,1,393.74,3
15265.0,151,2,1506.1200000000001,1
15266.0,338,1,119.3,3
15267.0,22,5,1717.36,1
15269.0,24,1,118.80000000000001,0
15270.0,16,7,2089.49,2
15271.0,7,15,2493.34,2
15272.0,57,2,721.94,1
15274.0,4,2,716.57,0
15275.0,38,1,615.14,0
15276.0,66,1,128.63,3
15277.0,47,1,255.89999999999998,3
15279.0,355,1,290.51,3
15280.0,172,1,113.12,3
15281.0,59,9,2332.15,1
15286.0,50,1,240.55,3
15287.0,22,2,486.69,0
15288.0,43,5,2306.52,1
15289.0,29,3,939.78,1
15290.0,5,18,7943.22,2
15291.0,26,14,4623.3,2
15292.0,201,1,178.39,3
15296.0,51,6,3672.86,1
15297.0,10,3,641.94,0
15298.0,2,12,4799.9,2
15299.0,67,6,3907.01,1
15300.0,64,1,496.44,3
15301.0,51,12,5049.95,2
15303.0,290,1,574.02,3
15304.0,61,8,694.4000000000001,1
15306.0,64,3,1174.35,1
15307.0,96,1,205.3,3
15308.0,274,1,310.47,3
15311.0,1,91,60632.75,2
15312.0,75,4,924.85,1
15313.0,110,1,52.0,3
15314.0,199,1,327.97,3
15315.0,64,2,570.5,1
15316.0,327,1,165.0,3
15318.0,4,1,312.62,0
15319.0,284,1,204.5,3
15320.0,44,1,267.13,3
15321.0,71,3,2748.31,1
15322.0,86,1,679.68,3
15325.0,104,1,161.74,3
15326.0,334,1,311.71,3
15327.0,53,1,208.75,3
15329.0,39,3,1049.7,1
15330.0,32,2,714.96,0
15332.0,366,4,1661.06,1
15333.0,208,1,1028.56,3
15334.0,157,3,350.82,3
15335.0,54,1,170.22,3
15339.0,66,2,574.07,3
15341.0,81,1,2020.52,1
15342.0,130,1,406.09,3
15343.0,87,1,364.5,3
15344.0,1,3,563.94,0
15345.0,46,1,393.54,3
15346.0,333,1,252.42000000000002,3
15347.0,366,1,201.60000000000002,3
15348.0,72,1,158.04,3
15349.0,158,2,463.90999999999997,3
15350.0,373,1,115.65,3
15351.0,12,7,1934.66,2
15353.0,255,2,770.12,3
15355.0,29,2,277.05,0
15356.0,31,10,2718.03,2
15358.0,5,22,8347.2,2
15360.0,40,1,427.93,0
15361.0,362,1,418.92,3
15363.0,373,1,326.0,3
15364.0,96,2,913.19,1
15365.0,26,7,2314.32,1
15366.0,75,2,602.51,3
15367.0,57,4,1877.59,1
15368.0,21,1,446.94000000000005,0
15370.0,41,7,2386.05,1
15372.0,137,1,2007.3999999999999,1
15373.0,8,12,2415.91,2
15374.0,129,1,168.0,3
15376.0,40,3,1221.56,1
15379.0,169,7,3703.29,1
15380.0,9,5,1690.2600000000002,2
15381.0,268,1,282.29999999999995,3
15382.0,15,6,5955.71,2
15384.0,170,2,642.41,3
15385.0,40,1,316.88,0
15386.0,186,1,394.14,3
15388.0,270,1,140.54,3
15389.0,172,1,500.0,3
15392.0,5,4,1535.53,0
15393.0,16,2,231.86,0
15394.0,10,4,2183.54,1
15395.0,326,1,107.45,3
15396.0,113,1,288.18,3
15397.0,290,1,94.0,3
15398.0,16,2,1345.53,0
15399.0,1,3,815.77,0
15400.0,92,5,716.2,1
15402.0,149,2,626.77,3
15405.0,189,1,349.1,3
15406.0,31,2,510.71000000000004,0
15407.0,34,4,851.74,1
15408.0,264,1,267.18,3
15410.0,84,8,3450.84,1
15411.0,26,4,1348.93,1
15412.0,171,1,190.53,3
15414.0,10,3,774.9000000000001,0
15415.0,313,1,559.61,3
15416.0,65,4,3984.32,1
15417.0,85,1,508.8,3
15419.0,25,1,135.86,0
15421.0,59,4,950.36,1
15422.0,323,2,97.7,3
15423.0,38,1,43.5,3
15424.0,254,2,383.34,3
15426.0,19,5,1404.07,1
15427.0,33,3,1430.54,1
15428.0,15,1,93.78,0
15429.0,27,2,397.35,0
15432.0,23,1,171.19,0
15433.0,214,2,533.3,3
15434.0,8,5,1041.48,0
15435.0,22,1,149.29,0
15436.0,12,3,1067.75,0
15437.0,262,1,200.16,3
15438.0,131,1,156.57999999999998,3
15440.0,55,3,383.68,1
15442.0,249,1,594.0,3
15443.0,2,7,3213.59,2
15444.0,9,2,1411.21,0
15445.0,264,1,113.5,3
15447.0,331,1,155.17,3
15448.0,313,1,494.64,3
15449.0,26,3,974.52,1
15450.0,30,1,429.84,0
15452.0,30,3,528.48,0
15453.0,2,7,1371.77,2
15454.0,362,1,179.1,3
15456.0,283,3,434.59000000000003,3
15457.0,262,1,237.07,3
15458.0,25,1,161.64,0
15460.0,354,1,214.26,3
15462.0,94,3,234.6,3
15463.0,29,1,126.14,0
15464.0,338,1,968.75,3
15465.0,20,18,7354.62,2
15466.0,85,1,334.53,3
15467.0,9,3,524.88,0
15468.0,51,2,467.51,0
15469.0,50,2,538.55,0
15471.0,2,1,454.48,0
15472.0,113,1,371.56,3
15473.0,14,7,1771.2,2
15475.0,77,1,454.10999999999996,3
15478.0,40,2,1399.92,1
15480.0,116,1,905.5,3
15482.0,16,11,10839.76,2
15483.0,161,4,225.26,3
15484.0,1,4,3590.41,2
15485.0,30,3,2564.5,1
15488.0,93,1,91.32000000000001,3
15489.0,23,3,1134.28,1
15491.0,95,6,3100.09,1
15492.0,28,2,659.4599999999999,0
15493.0,33,5,1953.41,1
15494.0,21,2,1280.58,0
15497.0,18,2,1262.2,0
15498.0,3,27,13316.4,2
15500.0,8,4,1131.56,0
15502.0,16,11,6956.2,2
15503.0,363,1,141.04,3
15504.0,81,1,52.83,3
15505.0,53,5,3610.96,1
15506.0,23,3,972.08,1
15507.0,172,1,475.86,3
15508.0,189,6,1000.27,1
15511.0,12,5,900.53,1
15512.0,156,2,121.0,3
15513.0,33,19,14593.220000000001,2
15514.0,12,11,4023.7200000000003,2
15516.0,45,3,62.43,3
15517.0,233,1,267.03,3
15518.0,64,8,1921.55,1
15520.0,2,1,343.5,0
15521.0,40,8,2750.2,1
15522.0,33,2,397.99,0
15523.0,84,1,412.01000000000005,3
15525.0,2,3,734.37,0
15526.0,33,2,148.44,0
15527.0,19,8,2428.53,2
15528.0,254,1,229.33,3
15529.0,23,11,3962.6,2
15530.0,22,4,1497.31,1
15531.0,8,2,1972.39,0
15532.0,25,4,1564.73,1
15533.0,19,3,807.57,0
15535.0,173,4,502.9,1
15537.0,163,1,110.92,3
15539.0,7,1,538.46,0
15540.0,11,1,213.3,0
15541.0,114,1,85.13000000000001,3
15543.0,288,1,127.86,3
15544.0,9,9,3546.71,2
15545.0,54,2,288.96999999999997,3
15547.0,7,14,4910.6,2
15549.0,77,3,1681.46,1
15550.0,4,4,575.63,0
15551.0,37,1,436.06,0
15552.0,217,1,90.12,3
15553.0,60,1,428.93,3
15554.0,278,1,217.2,3
15555.0,12,16,4794.86,2
15556.0,24,1,279.77,0
15557.0,29,1,468.91,0
15561.0,12,4,800.59,0
15562.0,352,1,134.55,3
15563.0,22,4,1400.44,1
15565.0,50,2,173.16,3
15567.0,19,1,186.01,0
15568.0,3,3,758.29,0
15569.0,104,5,1375.71,1
15570.0,7,12,4148.82,2
15571.0,12,4,650.4300000000001,0
15572.0,5,7,2338.42,2
15573.0,32,2,591.1899999999999,0
15574.0,178,4,675.64,1
15576.0,38,1,921.37,0
15577.0,151,3,258.88,3
15578.0,162,1,127.1,3
15579.0,69,2,327.6,3
15581.0,156,10,717.4300000000001,1
15582.0,25,3,682.9100000000001,0
15584.0,24,4,720.86,1
15585.0,177,1,455.3,3
15587.0,50,4,913.6800000000001,1
15589.0,256,3,478.53000000000003,3
15592.0,47,1,388.58,3
15593.0,71,1,199.8,3
15594.0,16,5,1771.78,1
15596.0,101,5,1406.59,1
15597.0,35,1,324.57,0
15598.0,53,1,240.68,3
15599.0,27,2,761.74,0
15601.0,11,14,6776.56,2
15602.0,8,9,1297.8700000000001,2
15603.0,79,1,48.480000000000004,3
15604.0,52,1,216.39,3
15605.0,36,5,1198.23,1
15606.0,61,9,2920.16,1
15607.0,337,1,104.76,3
15608.0,28,4,1093.68,1
15609.0,184,1,298.48,3
15610.0,52,1,112.46000000000001,3
15611.0,10,13,1591.45,2
15612.0,36,2,195.15,0
15615.0,10,23,10399.74,2
15618.0,33,4,776.851,1
15619.0,11,1,336.40000000000003,0
15620.0,57,3,1553.18,1
15621.0,4,4,1293.03,0
15622.0,43,9,3659.61,2
15623.0,141,1,301.03,3
15624.0,117,4,588.13,1
15625.0,104,4,1534.26,1
15626.0,75,2,675.8,1
15628.0,5,9,2870.2400000000002,2
15630.0,45,2,1186.35,1
15632.0,16,8,3285.31,2
15634.0,17,1,243.55,0
15636.0,90,2,724.76,1
15637.0,53,1,223.36,3
15639.0,134,1,425.32,3
15640.0,4,15,12416.11,2
15641.0,105,4,1887.2,1
15643.0,192,3,664.0,3
15644.0,166,4,803.54,1
15645.0,19,1,612.01,0
15646.0,158,3,447.64000000000004,3
15648.0,204,2,639.5,3
15649.0,336,2,816.0,3
15651.0,37,3,646.3,1
15652.0,91,1,337.74,3
15653.0,93,2,877.4399999999999,1
15654.0,9,2,922.53,0
15655.0,243,1,560.67,3
15656.0,45,4,748.5,1
15657.0,23,1,30.0,0
15658.0,190,5,1024.1000000000001,1
15659.0,44,1,306.45,3
15660.0,25,9,1600.86,2
15661.0,317,2,309.8,3
15663.0,106,1,138.14,3
15664.0,51,1,386.43,3
15665.0,168,2,2222.21,1
15667.0,40,1,301.32,0
15668.0,218,1,76.32000000000001,3
15669.0,40,4,684.34,1
15670.0,297,1,173.05,3
15671.0,19,7,2657.13,2
15673.0,88,4,2726.23,1
15674.0,73,4,2111.89,1
15675.0,81,3,323.69,3
15676.0,19,3,3395.81,1
15677.0,49,1,657.23,0
15678.0,53,1,352.7,3
15679.0,24,4,781.28,1
15680.0,9,3,1333.68,0
15681.0,25,5,1426.16,1
15683.0,117,1,193.75,3
15687.0,9,9,2993.1,2
15689.0,120,2,254.1,3
15690.0,4,2,239.76,0
15691.0,252,1,136.8,3
15692.0,28,1,191.04,0
15694.0,1,14,6479.4,2
15695.0,267,2,409.98,3
15696.0,33,8,2651.16,1
15699.0,18,1,309.65,0
15700.0,172,2,696.68,3
15701.0,2,4,1529.0,2
15703.0,265,1,211.5,3
15704.0,140,4,2293.62,1
15705.0,201,1,143.1,3
15706.0,64,4,1060.56,1
15707.0,35,4,916.98,1
15708.0,41,7,3235.25,1
15709.0,284,1,133.25,3
15712.0,9,5,1072.3600000000001,1
15713.0,143,2,356.7,3
15714.0,12,2,330.03000000000003,0
15716.0,146,4,1101.1100000000001,1
15717.0,234,1,150.3,3
15719.0,33,13,5030.07,2
15720.0,24,1,598.73,0
15721.0,12,1,471.40000000000003,0
15722.0,36,5,2211.21,1
15723.0,365,1,190.7,3
15724.0,201,2,218.25,3
15725.0,15,1,415.25,0
15727.0,17,7,4659.06,2
15729.0,213,1,85.0,3
15730.0,66,3,1120.88,1
15732.0,212,2,294.12,3
15733.0,283,1,162.3,3
15734.0,115,2,1339.45,1
15737.0,15,8,1188.1200000000001,2
15738.0,19,16,4812.42,2
15739.0,66,1,449.12,3
15740.0,49,1,154.88,3
15743.0,16,4,775.96,0
15744.0,78,1,34.8,3
15745.0,19,4,1094.59,1
15746.0,134,1,196.88,3
15747.0,13,3,946.64,0
15748.0,40,1,144.36,3
15749.0,235,3,44534.3,1
15750.0,3,8,2463.05,2
15752.0,40,7,2626.6,1
15753.0,305,1,79.2,3
15754.0,51,3,458.57,1
15755.0,10,6,2364.25,2
15756.0,61,4,528.01,1
15757.0,66,2,714.42,1
15758.0,25,1,205.25,0
15759.0,218,3,253.04,3
15762.0,65,2,583.75,1
15763.0,32,2,1007.02,1
15764.0,88,6,3101.22,1
15766.0,64,1,315.06,3
15768.0,116,3,371.83,3
15769.0,7,26,56252.72,2
15773.0,6,1,635.6800000000001,0
15774.0,69,1,270.8,3
15775.0,245,1,104.9,3
15776.0,133,1,241.62,3
15777.0,241,4,1047.11,1
15780.0,184,3,475.28000000000003,3
15781.0,25,3,345.46,0
15782.0,10,3,2614.7400000000002,1
15783.0,11,1,246.3,0
15785.0,33,5,2249.07,1
15786.0,46,3,4919.0,1
15787.0,26,3,933.26,1
15789.0,358,1,351.3,3
15790.0,10,1,218.75,0
15791.0,44,2,1612.69,1
15793.0,15,3,965.61,0
15795.0,150,1,610.01,3
15796.0,1,8,2708.61,2
15797.0,113,4,2207.4,1
15799.0,76,3,884.14,1
15800.0,107,2,696.89,3
15801.0,46,3,1063.95,1
15803.0,51,1,415.82000000000005,3
15804.0,1,13,3956.39,2
15805.0,23,17,5488.18,2
15806.0,46,3,784.58,1
15807.0,50,3,903.9,1
15808.0,306,4,3651.27,1
15809.0,36,5,515.77,1
15810.0,79,4,1391.98,1
15811.0,22,6,2218.62,1
15812.0,107,5,1765.19,1
15813.0,208,2,1303.9099999999999,1
15814.0,17,4,1909.38,1
15815.0,64,5,2100.6,1
15819.0,49,4,1905.45,1
15820.0,320,1,206.98,3
15821.0,44,2,570.96,0
15822.0,3,2,885.47,0
15823.0,372,1,15.0,3
15825.0,172,1,282.94,3
15826.0,56,3,1654.31,1
15827.0,73,14,1836.0900000000001,1
15829.0,99,2,636.14,3
15830.0,38,1,576.0,0
15831.0,58,3,744.64,1
15832.0,254,1,836.79,3
15834.0,70,3,1975.15,1
15835.0,44,4,954.09,1
15836.0,50,1,137.37,3
15837.0,65,1,391.98,3
15838.0,11,19,33643.08,2
15839.0,33,3,1048.49,1
15840.0,59,2,355.56,3
15841.0,73,4,1224.06,1
15843.0,304,1,118.95000000000002,3
15844.0,46,1,130.73999999999998,3
15845.0,18,8,3711.77,2
15847.0,38,2,389.27,0
15850.0,19,2,234.88,0
15852.0,187,2,160.71,3
15853.0,52,1,110.8,3
15854.0,4,12,2969.12,2
15855.0,137,5,712.24,1
15856.0,4,27,16143.64,2
15857.0,19,1,297.0,0
15858.0,16,5,1427.57,1
15860.0,41,8,965.16,1
15861.0,12,7,2981.92,2
15862.0,8,4,832.88,0
15863.0,26,2,68.84,0
15864.0,22,6,1936.3200000000002,1
15865.0,41,3,895.13,1
15866.0,101,1,211.89,3
15867.0,5,15,3810.14,2
15869.0,277,2,149.64,3
15870.0,33,1,351.44,0
15872.0,15,2,316.25,0
15874.0,64,7,4030.88,1
15877.0,2,2,490.33,0
15880.0,369,1,329.03000000000003,3
15881.0,312,5,501.39000000000004,1
15882.0,199,4,516.36,1
15883.0,2,2,396.48,0
15885.0,93,3,379.35,3
15886.0,60,1,181.09,3
15888.0,81,1,168.31,3
15889.0,157,2,420.07,3
15891.0,227,1,511.68,3
15894.0,253,2,258.25,3
15895.0,150,1,179.17,3
15897.0,194,2,208.59,3
15898.0,1,5,1383.83,2
15899.0,369,1,56.25,3
15900.0,24,1,337.28,0
15901.0,17,3,351.73,0
15903.0,10,7,5126.76,2
15904.0,8,1,164.68,0
15906.0,20,7,1567.69,1
15907.0,4,3,882.72,0
15909.0,174,1,191.94,3
15910.0,1,8,1228.88,2
15912.0,178,2,264.62,3
15916.0,16,8,1502.8600000000001,2
15917.0,248,1,123.1,3
15918.0,191,2,334.23,3
15919.0,20,2,525.69,0
15920.0,154,4,167.5,3
15921.0,173,1,323.03000000000003,3
15922.0,373,1,369.5,3
15923.0,373,1,127.08,3
15925.0,194,1,207.15,3
15930.0,67,1,426.63,3
15932.0,4,8,2495.87,2
15933.0,21,3,1107.46,1
15935.0,239,1,108.03999999999999,3
15937.0,64,1,145.35,3
15938.0,112,5,404.58,1
15939.0,90,15,6115.01,2
15940.0,311,1,35.8,3
15942.0,134,1,337.44,3
15944.0,277,1,325.1,3
15945.0,365,1,181.0,3
15947.0,83,1,1708.24,1
15948.0,8,2,955.24,0
15949.0,17,2,364.72,0
15950.0,32,4,1744.71,1
15951.0,9,2,708.22,0
15952.0,34,4,781.91,1
15953.0,15,8,1657.28,2
15955.0,24,14,4416.26,2
15957.0,32,1,428.89,0
15958.0,74,1,104.35,3
15963.0,20,2,470.76,0
15965.0,17,4,808.87,1
15967.0,23,2,397.68,0
15969.0,3,3,666.1,0
15970.0,304,1,314.1,3
15971.0,18,12,4199.85,2
15973.0,367,1,307.82000000000005,3
15974.0,39,7,3442.15,1
15975.0,84,1,371.01,3
15976.0,165,2,427.64,3
15977.0,17,2,1054.73,0
15978.0,77,1,1098.78,3
15980.0,89,3,2398.86,1
15981.0,25,8,3408.48,2
15983.0,22,4,1465.12,1
15984.0,3,10,2780.63,2
15985.0,123,2,1142.42,1
15986.0,30,1,168.12,0
15987.0,12,7,1432.77,2
15988.0,19,1,156.78,0
15990.0,44,2,792.11,1
15992.0,4,1,41.989999999999995,0
15993.0,9,7,2777.67,2
15994.0,55,1,414.27,3
15996.0,88,6,996.63,1
15998.0,37,5,3080.22,1
16000.0,3,3,12393.7,2
16003.0,30,5,2235.37,1
16005.0,12,4,578.71,0
16006.0,211,1,101.4,3
16007.0,48,4,1693.81,1
16008.0,24,3,478.78,0
16009.0,22,4,972.11,1
16010.0,246,3,392.4,3
16011.0,8,16,3352.96,2
16012.0,35,3,1415.29,1
16013.0,4,47,37130.6,2
16014.0,38,3,646.83,1
16015.0,4,3,704.55,0
16016.0,3,8,1465.51,2
16017.0,47,1,211.88,3
16018.0,39,2,408.90000000000003,0
16019.0,47,9,3786.2400000000002,2
16020.0,17,3,851.01,0
16022.0,260,1,602.63,3
16023.0,46,3,719.81,1
16024.0,12,1,251.03,0
16025.0,30,1,439.65999999999997,0
16026.0,43,1,236.09,3
16027.0,92,6,769.62,1
16029.0,39,62,72708.09,2
16030.0,310,1,331.24,3
16031.0,92,2,507.95,3
16033.0,6,20,8778.82,2
16034.0,196,3,437.7,3
16036.0,87,2,758.92,1
16037.0,270,3,715.22,3
16038.0,8,3,471.78000000000003,0
16040.0,65,3,1313.55,1
16041.0,31,3,3166.4,1
16042.0,22,5,1177.47,1
16043.0,38,4,773.99,1
16045.0,120,4,1340.7,1
16048.0,373,2,256.44,3
16049.0,40,3,1074.81,1
16050.0,174,1,137.9,3
16052.0,54,1,362.06,3
16053.0,33,2,1511.95,1
16054.0,145,1,783.9,3
16055.0,221,1,134.8,3
16056.0,45,1,650.75,0
16057.0,16,7,2263.12,2
16059.0,66,6,1453.16,1
16062.0,10,4,1153.62,0
16063.0,260,1,335.32,3
16065.0,365,1,367.14,3
16066.0,17,5,1521.04,1
16070.0,22,2,852.15,0
16071.0,45,1,326.24,3
16072.0,288,1,584.3199999999999,3
16073.0,297,1,122.39999999999999,3
16076.0,3,10,2234.73,2
16078.0,284,1,79.2,3
16079.0,17,3,1352.0,1
16080.0,82,2,217.16,3
16081.0,56,5,2799.42,1
16083.0,101,2,1317.62,1
16084.0,299,1,436.18,3
16085.0,23,5,981.51,1
16086.0,59,5,1121.39,1
16091.0,155,2,315.06,3
16092.0,115,3,817.86,1
16093.0,107,1,17.0,3
16094.0,12,4,1078.23,1
16096.0,264,1,195.62,3
16097.0,240,1,185.04999999999998,3
16098.0,88,7,2005.63,1
16099.0,50,3,731.9,1
16101.0,71,1,1290.7,1
16102.0,42,3,1842.14,1
16103.0,7,6,1429.64,2
16104.0,62,1,298.21,3
16105.0,249,1,336.96,3
16106.0,66,1,108.38,3
16107.0,18,7,3064.36,2
16108.0,85,1,842.5,3
16109.0,219,2,611.88,3
16110.0,45,3,1320.95,1
16112.0,143,4,195.73999999999998,3
16113.0,183,1,161.38,3
16114.0,171,1,135.75000000000003,3
16115.0,10,8,1660.8799999999999,2
16116.0,212,1,612.78,3
16117.0,190,1,232.21,3
16119.0,8,2,423.36,0
16120.0,59,4,1309.14,1
16121.0,57,2,854.66,1
16122.0,73,4,684.4200000000001,1
16123.0,52,1,307.78,3
16124.0,317,1,249.0,3
16125.0,367,1,289.35,3
16126.0,29,4,6287.77,1
16127.0,39,1,656.25,0
16128.0,18,5,1880.22,1
16131.0,52,6,3506.54,1
16133.0,4,33,14329.09,2
16134.0,22,2,618.09,0
16135.0,263,1,517.55,3
16136.0,60,3,709.38,1
16139.0,19,3,635.41,0
16140.0,66,2,725.18,1
16141.0,88,1,620.4,3
16142.0,250,1,535.34,3
16143.0,3,6,2174.94,2
16144.0,247,1,175.2,3
16145.0,9,11,3799.4900000000002,2
16146.0,157,3,734.13,1
16147.0,134,1,375.0,3
16148.0,296,1,76.32000000000001,3
16149.0,5,2,280.52,0
16150.0,43,5,2053.02,1
16152.0,269,1,1829.04,3
16153.0,50,5,1824.23,1
16156.0,9,9,3092.04,2
16157.0,16,3,656.69,0
16159.0,282,1,348.2,3
16160.0,65,2,1025.44,1
16161.0,2,19,5533.67,2
16162.0,252,1,37.4,3
16163.0,232,2,856.6,3
16164.0,17,3,822.48,0
16168.0,11,27,3787.6,2
16169.0,8,4,1822.97,1
16170.0,51,6,1845.1,1
16171.0,59,1,73.2,3
16172.0,95,5,1140.21,1
16173.0,16,6,1418.32,1
16174.0,126,3,1009.5500000000001,1
16175.0,94,4,1037.59,1
16177.0,50,1,331.95,3
16178.0,138,1,197.9,3
16179.0,61,1,215.83,3
16180.0,100,8,10254.18,1
16181.0,73,1,305.54,3
16182.0,72,4,6617.65,1
16183.0,67,1,338.71000000000004,3
16184.0,64,6,1158.79,1
16185.0,17,2,529.41,0
16186.0,23,12,4006.94,2
16187.0,32,15,6871.49,2
16188.0,45,4,981.86,1
16189.0,16,2,215.48,0
16190.0,40,1,215.08,3
16191.0,3,13,5180.52,2
16193.0,237,1,314.45,3
16198.0,75,1,400.68100000000004,3
16200.0,4,2,1068.8700000000001,0
16201.0,3,4,1863.47,2
16202.0,361,1,365.27,3
16203.0,59,4,592.9,1
16204.0,23,1,384.18,0
16205.0,31,4,757.63,1
16206.0,55,4,537.0600000000001,1
16207.0,25,1,394.38,0
16208.0,45,2,664.26,0
16209.0,89,5,2262.62,1
16210.0,2,18,21086.3,2
16211.0,89,1,547.02,3
16212.0,19,2,690.34,0
16213.0,79,1,159.0,3
16214.0,171,3,1062.75,1
16215.0,81,1,242.35,3
16216.0,267,1,749.9300000000001,3
16217.0,235,2,304.25,3
16218.0,30,7,3084.68,1
16221.0,37,3,860.86,1
16222.0,318,1,773.5500000000001,3
16224.0,57,4,1295.3,1
16225.0,45,5,1096.32,1
16226.0,203,3,255.12,3
16227.0,225,1,314.22,3
16229.0,87,2,1010.6,1
16230.0,190,2,542.03,3
16232.0,44,4,990.88,1
16233.0,71,3,536.6800000000001,1
16235.0,41,5,867.31,1
16236.0,78,1,432.2,3
16239.0,57,2,414.2,3
16240.0,24,2,3428.8,1
16241.0,10,13,2590.31,2
16242.0,8,7,3579.86,2
16243.0,34,2,324.1,0
16244.0,212,2,1522.75,1
16245.0,24,3,1377.71,1
16247.0,170,1,114.56,3
16248.0,62,1,152.94,3
16249.0,53,5,1800.07,1
16250.0,261,2,389.44,3
16253.0,67,2,3683.86,1
16255.0,17,8,2619.91,2
16256.0,267,1,752.4300000000001,3
16257.0,177,1,46.95,3
16258.0,45,5,5203.51,1
16260.0,51,1,1035.45,0
16261.0,17,4,728.54,0
16265.0,9,9,5347.0,2
16266.0,74,7,861.89,1
16268.0,71,2,577.7,3
16270.0,353,1,1141.24,3
16271.0,3,5,1404.64,2
16272.0,117,1,411.7,3
16274.0,373,1,351.75,3
16275.0,197,1,559.87,3
16276.0,177,1,810.6000000000001,3
16278.0,100,1,346.38,3
16279.0,21,3,1502.78,1
16281.0,72,1,2062.06,1
16282.0,340,1,168.3,3
16283.0,6,5,1570.81,2
16284.0,31,2,812.68,0
16287.0,170,1,142.5,3
16292.0,122,1,302.25,3
16293.0,22,10,2248.9900000000002,2
16295.0,10,4,1328.55,1
16297.0,269,1,301.9,3
16298.0,23,3,598.2,0
16302.0,127,1,233.22,3
16303.0,26,3,5360.63,1
16305.0,139,1,361.21999999999997,3
16306.0,214,6,632.27,1
16308.0,38,4,2560.0,1
16309.0,106,2,706.57,3
16311.0,18,2,616.26,0
16313.0,3,2,274.15000000000003,0
16315.0,331,1,226.37,3
16316.0,64,8,2438.91,1
16317.0,120,3,1341.65,1
16318.0,35,1,328.15,0
16319.0,218,1,404.40000000000003,3
16320.0,172,2,1038.46,1
16321.0,72,5,373.65000000000003,1
16322.0,1,2,326.75,0
16323.0,196,1,207.50000000000003,3
16324.0,128,3,408.59000000000003,3
16325.0,47,3,594.24,1
16326.0,6,14,3003.27,2
16327.0,14,6,3820.27,2
16330.0,18,3,251.91,0
16332.0,28,7,1582.8,1
16333.0,8,22,26626.8,2
16337.0,37,1,151.05,3
16338.0,157,1,214.79999999999998,3
16339.0,284,1,94.05,3
16340.0,107,1,534.31,3
16341.0,25,4,1971.87,1
16342.0,75,4,286.46,1
16343.0,16,2,328.58,0
16344.0,158,1,101.10000000000001,3
16345.0,44,1,465.46000000000004,0
16347.0,11,2,847.45,0
16348.0,32,7,1415.65,1
16349.0,291,1,53.5,3
16350.0,21,4,1116.47,1
16351.0,333,1,153.9,3
16352.0,18,2,494.44,0
16353.0,4,23,6675.71,2
16354.0,63,2,395.8,3
16356.0,198,3,211.77,3
16357.0,33,3,658.88,1
16358.0,1,4,2027.5,2
16359.0,7,9,1500.92,2
16360.0,5,6,3450.41,2
16361.0,10,4,891.21,0
16362.0,32,5,709.99,1
16363.0,53,1,109.36000000000001,3
16364.0,12,2,705.79,0
16365.0,18,9,1540.42,2
16366.0,19,1,327.3,0
16367.0,37,2,800.67,0
16368.0,2,2,479.91,0
16369.0,18,3,1545.41,1
16370.0,82,4,1301.91,1
16372.0,33,2,355.73,0
16374.0,66,2,466.73,3
16376.0,9,2,974.96,0
16377.0,267,1,676.2,3
16378.0,247,3,362.95,3
16379.0,4,4,2157.4,2
16380.0,61,1,1743.1499999999999,1
16383.0,75,2,643.76,1
16384.0,90,2,584.5,3
16385.0,60,3,554.86,1
16386.0,29,2,302.57,0
16387.0,323,1,94.36,3
16389.0,53,4,1382.07,1
16392.0,270,1,217.89,3
16393.0,2,13,3040.96,2
16394.0,57,5,1555.34,1
16395.0,61,5,1482.06,1
16398.0,154,2,1665.85,1
16399.0,19,2,408.02,0
16400.0,95,1,303.93,3
16401.0,1,12,4098.32,2
16402.0,265,2,293.45,3
16403.0,312,1,177.5,3
16404.0,70,1,443.05,3
16405.0,302,2,167.25,3
16406.0,19,1,154.35,0
16407.0,13,10,2079.68,2
16409.0,36,5,2022.98,1
16411.0,19,2,211.7,0
16412.0,54,1,135.99,3
16413.0,57,1,262.2,3
16414.0,22,2,126.25,0
16415.0,44,1,200.27,3
16416.0,27,3,1051.4,1
16418.0,45,3,631.12,1
16419.0,113,6,958.71,1
16422.0,17,51,34684.4,2
16423.0,25,1,346.12,0
16424.0,191,1,133.56,3
16425.0,302,1,302.7,3
16426.0,2,10,1863.76,2
16427.0,263,2,241.06,3
16429.0,106,1,4.95,3
16430.0,57,1,300.85,3
16431.0,213,3,623.28,3
16432.0,64,1,287.4,3
16433.0,28,1,184.26,0
16434.0,29,7,1511.8,1
16438.0,6,5,798.35,0
16440.0,8,5,3640.67,2
16441.0,67,2,381.2,3
16442.0,2,3,609.3,0
16444.0,46,4,654.67,1
16445.0,34,1,230.51,0
16446.0,1,2,168472.5,2
16447.0,136,1,255.91,3
16448.0,198,1,182.99,3
16449.0,198,2,707.69,3
16450.0,150,1,311.92,3
16451.0,88,1,266.97,3
16454.0,45,2,6.9,3
16455.0,64,7,1841.18,1
16456.0,99,5,2158.18,1
16457.0,218,1,208.36,3
16458.0,3,18,3482.7400000000002,2
16460.0,28,3,811.23,1
16461.0,178,1,142.92,3
16462.0,74,3,136.0,3
16463.0,21,4,1422.4,1
16464.0,20,3,1298.66,1
16466.0,34,7,1595.96,1
16468.0,74,1,74.9,3
16469.0,24,4,625.42,1
16470.0,52,4,752.77,1
16471.0,275,1,223.95000000000002,3
16473.0,165,3,316.11,3
16474.0,7,7,1810.65,2
16475.0,144,3,459.3,3
16477.0,64,7,2494.46,1
16478.0,25,3,331.0,0
16479.0,10,2,300.83,0
16480.0,76,1,769.29,3
16482.0,16,1,220.62,0
16483.0,192,1,139.35,3
16484.0,174,2,404.3,3
16485.0,77,1,363.65,3
16488.0,33,3,418.9,0
16491.0,47,1,731.5,0
16493.0,80,4,1351.63,1
16494.0,297,1,826.53,3
16495.0,3,3,648.26,0
16496.0,9,3,1599.52,0
16497.0,50,6,2965.69,1
16498.0,161,2,100.97,3
16499.0,360,2,365.45,3
16500.0,5,5,235.86,0
16503.0,107,4,1431.93,1
16504.0,25,1,465.88,0
16505.0,32,1,777.6,0
16506.0,20,2,90.30000000000001,0
16509.0,297,1,363.7,3
16510.0,372,1,248.1,3
16511.0,22,3,918.33,1
16513.0,5,4,874.59,0
16515.0,52,5,1624.14,1
16516.0,30,1,101.69999999999999,0
16517.0,277,1,162.7,3
16518.0,61,2,484.32,3
16519.0,25,2,215.07999999999998,0
16520.0,186,3,1046.57,1
16523.0,2,21,9418.470000000001,2
16525.0,2,26,13027.45,2
16526.0,172,1,290.36,3
16527.0,81,1,228.06,3
16528.0,4,1,244.41,0
16529.0,190,1,455.25,3
16531.0,22,7,1244.59,1
16532.0,18,3,6748.8,1
16533.0,19,3,1082.81,1
16535.0,5,1,593.75,0
16536.0,110,1,548.12,3
16539.0,3,4,1388.81,0
16542.0,54,1,119.62,3
16545.0,165,1,339.3,3
16546.0,291,2,787.15,3
16549.0,10,10,4034.9,2
16550.0,109,5,2298.97,1
16551.0,96,3,922.12,1
16552.0,243,2,379.73,3
16553.0,163,12,5719.82,1
16554.0,42,3,837.1,1
16555.0,35,2,285.89,0
16556.0,67,7,3313.79,1
16557.0,24,2,281.85,0
16558.0,1,20,8338.49,2
16560.0,27,2,841.41,0
16561.0,6,2,511.12,0
16563.0,54,1,1077.74,1
16565.0,364,1,173.7,3
16566.0,15,5,614.66,0
16567.0,194,2,865.6,3
16569.0,3,1,124.2,0
16570.0,15,10,3738.4,2
16571.0,27,3,1421.69,1
16572.0,127,3,973.65,1
16573.0,85,2,663.61,3
16574.0,71,1,451.44,3
16581.0,183,1,105.84,3
16582.0,113,1,313.62,3
16583.0,374,1,233.45,3
16584.0,80,2,936.08,1
16586.0,249,1,463.95,3
16587.0,232,1,225.15,3
16589.0,71,3,459.24,1
16591.0,69,1,213.5,3
16592.0,4,16,4113.68,2
16593.0,51,3,330.03,0
16594.0,75,1,181.09,3
16595.0,61,1,360.16,3
16596.0,16,2,250.15,0
16597.0,4,1,90.04,0
16598.0,286,1,145.04999999999998,3
16600.0,4,6,813.52,2
16601.0,41,1,242.7,3
16602.0,36,1,528.08,0
16603.0,75,2,482.47,3
16607.0,18,13,2802.71,2
16609.0,15,7,5493.46,2
16610.0,219,1,75.66,3
16611.0,186,1,129.49,3
16612.0,33,4,1187.66,1
16613.0,70,1,618.59,3
16614.0,183,1,506.19,3
16616.0,15,2,420.52,0
16617.0,236,1,151.85,3
16618.0,31,5,2647.59,1
16619.0,264,1,226.21,3
16620.0,4,2,178.96,0
16621.0,52,4,813.48,1
16623.0,246,1,129.45,3
16624.0,81,2,810.5699999999999,1
16625.0,275,1,333.08,3
16626.0,1,16,4253.3,2
16627.0,79,1,322.8,3
16628.0,30,5,2188.05,1
16629.0,74,2,408.63,3
16633.0,17,6,2883.1,2
16634.0,223,2,217.9,3
16637.0,32,4,1046.62,1
16638.0,23,10,1560.82,2
16639.0,31,3,1257.51,1
16641.0,106,1,231.10000000000002,3
16642.0,5,2,688.33,0
16643.0,246,1,487.51,3
16644.0,178,2,833.78,3
16647.0,170,2,214.06,3
16648.0,43,1,290.65999999999997,3
16650.0,72,1,518.42,3
16652.0,59,7,6773.97,1
16653.0,16,2,1212.66,0
16654.0,141,4,601.27,1
16655.0,18,6,3789.52,2
16656.0,22,15,8625.8,2
16657.0,10,4,874.43,0
16658.0,368,1,123.24,3
16659.0,189,1,39.12,3
16660.0,16,4,1267.6499999999999,1
16665.0,362,1,135.39999999999998,3
16666.0,19,1,118.98,0
16667.0,68,2,567.1800000000001,3
16668.0,15,6,306.71999999999997,0
16669.0,24,3,1348.88,1
16670.0,17,11,4095.9,2
16671.0,28,3,1692.27,1
16672.0,2,20,8134.9400000000005,2
16674.0,55,2,304.24,3
16676.0,34,4,1512.22,1
16678.0,3,12,3109.99,2
16679.0,366,1,129.75,3
16680.0,43,1,183.7,3
16681.0,73,6,1770.34,1
16682.0,5,5,1028.0,0
16684.0,4,28,66653.56,2
16685.0,61,2,324.24,3
16686.0,47,7,2919.93,1
16688.0,1,4,1260.86,2
16689.0,76,2,422.59999999999997,3
16690.0,72,2,225.57999999999998,3
16692.0,256,2,1126.0,3
16693.0,69,2,477.86,3
16696.0,135,4,657.9000000000001,1
16697.0,241,1,112.75,3
16698.0,227,2,1998.0,1
16700.0,9,13,5076.55,2
16701.0,9,13,5398.3,2
16705.0,1,20,14034.99,2
16706.0,37,3,531.35,1
16708.0,46,1,656.63,0
16709.0,85,5,3029.87,1
16710.0,19,10,2467.99,2
16711.0,3,5,1651.03,2
16712.0,9,11,3611.31,2
16713.0,19,15,6870.83,2
16714.0,219,3,879.06,1
16715.0,78,1,301.71999999999997,3
16716.0,267,2,901.2,3
16717.0,24,6,3803.13,2
16718.0,369,1,606.0500000000001,3
16719.0,15,7,1770.22,2
16720.0,26,1,152.95,0
16721.0,262,1,292.47,3
16722.0,17,13,4730.81,2
16723.0,108,1,411.4,3
16725.0,302,7,758.27,1
16726.0,26,5,1358.74,1
16727.0,364,1,256.32,3
16728.0,46,4,1048.28,1
16729.0,38,21,7205.33,2
16730.0,52,3,743.11,1
16732.0,32,1,603.75,0
16734.0,52,3,646.76,1
16735.0,79,5,2247.41,1
16737.0,53,1,417.59999999999997,3
16738.0,298,1,3.75,3
16739.0,177,1,323.0,3
16743.0,29,7,2213.13,1
16744.0,11,7,1291.91,2
16745.0,87,17,7180.7,2
16746.0,5,18,6680.11,2
16747.0,38,2,836.06,1
16748.0,18,5,1515.9,1
16750.0,45,5,583.98,1
16751.0,31,1,1764.72,1
16752.0,373,1,127.55,3
16753.0,58,1,223.92000000000002,3
16754.0,372,1,2002.4,3
16755.0,114,3,1475.43,1
16756.0,215,1,239.4,3
16757.0,319,1,106.83000000000001,3
16758.0,65,1,369.34000000000003,3
16759.0,8,3,789.79,0
16761.0,97,1,316.62,3
16762.0,20,3,1127.3400000000001,1
16763.0,199,1,611.85,3
16764.0,4,13,2790.9500000000003,2
16765.0,294,1,34.0,3
16766.0,273,2,1145.6,3
16767.0,31,11,5575.56,2
16768.0,48,3,478.09000000000003,1
16769.0,260,1,361.54,3
16770.0,58,5,717.15,1
16771.0,33,5,2242.61,1
16773.0,57,1,171.59,3
16774.0,68,4,661.52,1
16775.0,10,11,1691.51,2
16776.0,60,1,371.54,3
16777.0,80,2,222.62,3
16778.0,74,2,245.94,3
16779.0,2,22,10611.720000000001,2
16780.0,100,2,422.24,3
16781.0,372,1,311.25,3
16782.0,10,13,2267.9500000000003,2
16784.0,20,1,107.6,0
16788.0,123,2,594.39,3
16789.0,8,1,80.8,0
16790.0,4,6,1545.6200000000001,2
16791.0,29,7,1705.78,1
16792.0,282,2,110.38000000000001,3
16793.0,57,1,243.84,3
16794.0,1,10,1196.5,2
16795.0,365,1,414.88,3
16796.0,89,1,305.62,3
16800.0,11,1,1162.65,0
16801.0,163,4,1594.23,1
16803.0,65,1,332.3,3
16804.0,23,3,536.99,0
16805.0,174,2,460.59,3
16806.0,103,4,762.16,1
16807.0,143,3,1121.59,1
16808.0,99,2,288.42,3
16809.0,23,5,914.69,1
16810.0,192,1,309.54,3
16811.0,5,2,547.07,0
16812.0,361,1,479.35,3
16813.0,8,10,1652.18,2
16814.0,14,21,6416.7,2
16816.0,103,4,417.06,1
16817.0,3,9,1524.85,2
16818.0,11,11,3349.57,2
16820.0,96,1,497.61,3
16823.0,227,1,358.38,3
16824.0,16,2,460.64,0
16825.0,39,2,775.1800000000001,1
16826.0,51,1,341.7,3
16828.0,93,2,128.5,3
16829.0,157,1,197.22,3
16830.0,39,1,325.91,0
16832.0,184,3,199.15,3
16833.0,1,4,1106.53,0
16834.0,228,1,413.46,3
16835.0,128,2,180.85,3
16836.0,40,2,251.87,0
16837.0,31,11,3170.98,2
16838.0,197,2,387.9,3
16839.0,9,34,16594.35,2
16841.0,37,6,1869.82,1
16842.0,101,3,1264.19,1
16843.0,43,16,10156.62,2
16846.0,50,1,214.32,3
16847.0,43,1,193.44,3
16848.0,53,1,281.42,3
16849.0,187,1,124.57,3
16850.0,334,1,332.41,3
16851.0,4,3,342.45,0
16852.0,10,2,104.96000000000001,0
16855.0,24,2,328.4,0
16856.0,15,1,35.400000000000006,0
16858.0,369,1,375.69000000000005,3
16859.0,145,2,697.86,3
16861.0,60,2,173.76,3
16863.0,31,2,502.8,0
16866.0,141,3,207.73999999999998,3
16869.0,23,4,817.12,1
16871.0,22,6,2812.34,1
16872.0,77,3,630.07,1
16873.0,5,6,6773.62,2
16875.0,67,5,2095.53,1
16877.0,12,6,846.62,1
16878.0,84,1,13.3,3
16880.0,31,7,1491.43,1
16881.0,67,1,432.0,3
16882.0,67,3,705.12,1
16883.0,187,2,272.48,3
16884.0,38,2,429.84000000000003,0
16885.0,15,3,450.41,0
16887.0,35,1,192.32999999999998,0
16889.0,195,3,1578.67,1
16891.0,2,5,742.43,0
16892.0,1,5,518.19,0
16893.0,367,1,145.93,3
16895.0,65,1,202.27,3
16897.0,299,2,289.78,3
16898.0,26,3,501.03,0
16899.0,8,6,1271.06,2
16900.0,17,3,887.11,0
16902.0,116,1,1706.88,1
16903.0,29,1,363.2,0
16904.0,4,16,3613.8,2
16905.0,5,7,3037.6,2
16906.0,82,4,559.59,1
16907.0,29,5,928.76,1
16909.0,72,1,379.14,3
16910.0,4,8,1508.96,2
16912.0,29,11,2555.58,2
16913.0,290,1,113.44,3
16914.0,36,1,183.76,0
16915.0,9,6,471.83,0
16916.0,24,2,562.41,0
16917.0,277,1,391.52,3
16918.0,50,6,1068.82,1
16919.0,156,11,2592.25,1
16921.0,61,1,154.18,3
16923.0,12,19,7069.08,2
16924.0,21,3,829.89,0
16926.0,371,1,230.25,3
16927.0,116,3,543.05,1
16928.0,80,17,2814.7,2
16929.0,4,7,1295.39,2
16930.0,26,3,378.89,0
16931.0,5,21,4554.87,2
16932.0,53,1,150.23000000000002,3
16933.0,1,2,563.23,0
16934.0,55,2,931.03,1
16936.0,26,1,261.9,0
16938.0,9,4,2711.6800000000003,2
16940.0,52,3,3049.88,1
16942.0,13,9,1904.99,2
16943.0,212,3,816.73,1
16945.0,22,19,4345.5,2
16947.0,236,1,406.48,3
16948.0,139,3,435.02,3
16949.0,4,6,786.27,2
16950.0,57,3,1178.56,1
16951.0,135,3,1277.75,1
16952.0,109,2,167.61,3
16953.0,30,1,20.8,3
16954.0,1,9,2085.08,2
16955.0,185,4,518.67,1
16956.0,18,1,308.74,0
16957.0,239,2,416.64,3
16959.0,87,1,117.35000000000001,3
16960.0,39,3,507.05,1
16961.0,116,1,234.17,3
16963.0,187,1,110.55000000000001,3
16965.0,227,1,201.19,3
16966.0,8,7,2154.97,2
16967.0,189,1,319.02,3
16968.0,4,2,439.43,0
16969.0,39,3,650.41,1
16971.0,38,1,232.21,0
16976.0,267,1,251.51999999999998,3
16978.0,78,1,344.33,3
16979.0,4,6,1852.0,2
16980.0,255,2,1028.46,3
16982.0,61,1,384.06,3
16983.0,13,7,1905.87,2
16984.0,88,2,4459.52,1
16985.0,17,10,5464.12,2
16986.0,30,2,1873.2,1
16987.0,3,7,1616.8,2
16988.0,5,1,126.12,0
16989.0,7,6,1133.25,2
16990.0,219,1,179.0,3
16992.0,11,5,1614.31,1
16996.0,30,6,1456.96,1
16997.0,288,3,702.0,3
16998.0,150,4,295.0,3
16999.0,23,2,484.82,0
17001.0,1,11,3989.57,2
17002.0,86,3,1493.73,1
17004.0,46,2,1312.1399999999999,1
17006.0,5,4,781.78,0
17007.0,51,6,889.9300000000001,1
17010.0,18,1,195.36,0
17011.0,30,1,270.9,0
17014.0,8,3,583.4300000000001,0
17015.0,29,3,1838.6100000000001,1
17017.0,3,20,8694.26,2
17018.0,41,2,920.1,1
17019.0,11,4,1258.08,1
17022.0,31,1,71.0,3
17024.0,45,3,95.85,3
17025.0,61,3,357.77,1
17026.0,185,2,154.82999999999998,3
17027.0,79,6,877.5600000000001,1
17029.0,111,2,716.0,3
17030.0,64,1,146.87,3
17031.0,12,2,380.35,0
17033.0,86,3,1030.14,1
17034.0,16,3,745.52,0
17035.0,246,2,433.53000000000003,3
17037.0,88,1,1267.32,3
17038.0,30,1,112.4,0
17040.0,138,1,449.73,3
17041.0,27,3,1071.49,1
17042.0,3,5,1036.58,2
17043.0,32,4,1735.18,1
17044.0,25,1,948.48,0
17045.0,113,2,299.49,3
17046.0,157,1,642.02,3
17047.0,85,3,1100.9,1
17048.0,118,3,885.4,1
17049.0,3,9,5405.03,2
17050.0,96,6,3185.64,1
17051.0,194,1,240.89000000000001,3
17052.0,28,1,399.09,0
17053.0,131,1,498.48,3
17054.0,28,5,1316.38,1
17058.0,82,3,1179.89,1
17059.0,30,5,3080.39,1
17060.0,266,1,234.24,3
17061.0,74,11,5232.2300000000005,2
17062.0,314,4,533.33,3
17063.0,21,7,1461.14,1
17064.0,59,3,855.45,1
17068.0,12,21,4552.14,2
17069.0,28,9,2709.7000000000003,2
17070.0,114,1,304.24,3
17071.0,28,9,2429.03,2
17073.0,18,4,1446.09,1
17075.0,18,4,834.12,1
17076.0,36,3,841.0799999999999,1
17078.0,36,2,378.2,0
17079.0,78,1,118.80000000000001,3
17080.0,22,2,287.62,0
17081.0,25,2,288.91,0
17082.0,33,2,1753.85,1
17083.0,109,3,1405.78,1
17084.0,35,2,2747.9900000000002,1
17085.0,123,5,1562.4,1
17086.0,7,6,2050.08,2
17088.0,28,4,1991.01,1
17090.0,4,7,1974.65,2
17091.0,3,9,3827.76,2
17092.0,50,4,1774.03,1
17094.0,322,1,302.0,3
17095.0,23,3,1324.16,1
17096.0,15,4,1022.13,1
17097.0,2,8,954.42,2
17100.0,18,2,971.74,0
17101.0,10,4,1621.73,1
17102.0,262,1,25.5,3
17105.0,159,2,665.78,3
17107.0,33,6,10797.48,2
17109.0,29,6,881.29,1
17110.0,165,1,163.29999999999998,3
17111.0,47,1,231.61,3
17114.0,6,8,801.12,2
17115.0,8,3,837.5,0
17117.0,288,1,116.19999999999999,3
17118.0,318,1,157.02,3
17119.0,3,2,606.91,0
17120.0,233,1,307.46,3
17122.0,119,1,138.32,3
17123.0,162,1,345.29999999999995,3
17124.0,185,1,294.24,3
17125.0,50,1,230.5,3
17126.0,152,5,989.45,1
17128.0,335,1,157.09,3
17131.0,5,5,2463.17,2
17133.0,16,7,4892.240000000001,2
17134.0,107,2,413.2,3
17135.0,16,5,969.73,1
17138.0,276,1,380.5,3
17139.0,16,12,10360.77,2
17140.0,247,1,454.12,3
17142.0,239,1,384.0,3
17144.0,1,2,984.57,0
17146.0,106,3,579.78,1
17147.0,23,4,1714.59,1
17148.0,52,1,124.88,3
17152.0,195,3,1689.5,1
17153.0,24,1,213.78,0
17154.0,75,1,329.34,3
17155.0,18,2,251.70000000000002,0
17157.0,8,2,319.0,0
17158.0,32,3,1266.97,1
17159.0,22,3,1538.88,1
17160.0,31,6,3518.03,1
17162.0,29,10,1715.46,2
17163.0,22,2,293.1,0
17164.0,33,7,2467.35,1
17165.0,284,1,158.68,3
17166.0,39,2,206.34,0
17169.0,58,2,835.78,1
17171.0,289,1,224.91,3
17172.0,79,1,317.76,3
17173.0,5,8,3766.6,2
17174.0,218,1,59.9,3
17175.0,44,4,1383.74,1
17176.0,202,1,306.13,3
17179.0,178,3,711.79,1
17180.0,56,4,783.97,1
17181.0,57,2,239.92000000000002,3
17183.0,8,6,3347.31,2
17186.0,47,2,144.0,3
17187.0,227,1,203.95,3
17188.0,11,7,2474.23,2
17189.0,106,2,383.75,3
17190.0,59,1,249.74,3
17191.0,28,7,2093.68,1
17193.0,36,7,1699.3000000000002,1
17194.0,274,2,262.62,3
17197.0,30,1,1013.01,0
17198.0,24,3,692.22,0
17201.0,54,1,289.78,3
17203.0,36,6,3560.08,1
17204.0,175,4,1564.56,1
17205.0,54,1,384.08,3
17206.0,53,1,204.24,3
17211.0,27,8,2267.2200000000003,2
17212.0,253,1,226.85,3
17213.0,40,7,2741.28,1
17214.0,60,6,974.12,1
17217.0,234,1,113.5,3
17218.0,4,10,1951.97,2
17219.0,32,1,114.23,0
17220.0,24,14,3187.55,2
17221.0,7,2,334.48,0
17222.0,65,1,328.65,3
17223.0,310,2,381.89,3
17226.0,309,1,393.49,3
17227.0,19,6,939.32,1
17228.0,16,8,1906.09,2
17229.0,96,2,318.76,3
17230.0,264,8,3638.41,1
17231.0,12,10,3124.72,2
17232.0,3,2,417.77,0
17233.0,35,1,190.88,0
17234.0,183,1,149.89000000000001,3
17235.0,25,2,550.06,0
17236.0,13,6,916.13,1
17237.0,11,2,314.69,0
17238.0,3,17,3719.1,2
17239.0,313,1,382.5,3
17242.0,108,2,1135.04,1
17243.0,1,26,8540.05,2
17244.0,53,1,954.9,0
17245.0,205,1,171.45,3
17247.0,15,1,280.09000000000003,0
17248.0,120,1,318.65,3
17250.0,4,2,381.97,0
17251.0,363,1,269.83,3
17252.0,117,2,348.91,3
17253.0,18,1,178.26,0
17254.0,5,2,271.19,0
17255.0,41,2,291.48,0
17256.0,107,2,240.0,3
17259.0,148,2,581.23,3
17262.0,52,5,1253.3600000000001,1
17263.0,208,1,63.440000000000005,3
17265.0,139,2,550.01,3
17266.0,2,3,296.58,0
17267.0,127,2,317.2,3
17268.0,108,4,763.64,1
17272.0,42,4,2148.63,1
17274.0,35,1,107.82,3
17277.0,228,2,1065.3500000000001,3
17278.0,241,1,206.09,3
17279.0,58,1,187.82999999999998,3
17282.0,130,3,1685.46,1
17284.0,60,6,1647.48,1
17286.0,22,1,151.37,0
17287.0,26,7,1049.06,1
17288.0,9,7,1417.63,2
17289.0,32,3,931.02,1
17290.0,4,2,513.01,0
17291.0,308,1,550.8000000000001,3
17293.0,8,8,1789.06,2
17295.0,29,3,547.0,0
17297.0,17,1,128.18,0
17298.0,101,2,498.42,3
17299.0,12,4,656.61,0
17301.0,21,1,163.24,0
17302.0,15,5,1135.63,1
17303.0,361,1,250.04,3
17306.0,11,19,8631.31,2
17309.0,95,1,82.75,3
17311.0,78,2,1384.85,1
17312.0,139,3,644.3,1
17313.0,31,1,2328.84,1
17314.0,25,8,2527.92,2
17315.0,2,38,6281.23,2
17317.0,46,3,2600.34,1
17320.0,100,3,1200.6200000000001,1
17321.0,8,2,657.16,0
17323.0,15,7,906.52,1
17324.0,18,4,986.48,1
17325.0,280,1,96.8,3
17329.0,14,2,523.11,0
17330.0,23,2,363.9,0
17331.0,124,1,175.2,3
17333.0,86,1,494.25,3
17334.0,302,2,307.02,3
17337.0,151,4,1981.06,1
17338.0,17,8,6493.54,2
17339.0,94,2,243.36,3
17340.0,30,11,12313.34,2
17341.0,157,3,682.29,1
17343.0,355,1,193.64,3
17344.0,46,1,157.62,3
17345.0,15,4,519.6899999999999,0
17346.0,4,15,2622.88,2
17347.0,86,1,228.96,3
17348.0,15,5,1156.6,1
17349.0,179,1,98.25,3
17350.0,8,4,1281.32,0
17351.0,36,3,587.15,1
17353.0,129,2,1740.0,1
17354.0,51,1,1393.06,1
17356.0,312,1,178.22,3
17357.0,24,2,384.39,0
17358.0,303,2,360.81,3
17359.0,11,1,127.86,0
17360.0,17,3,568.24,0
17361.0,49,3,488.2,1
17362.0,239,2,276.28,3
17364.0,1,11,4462.68,2
17365.0,13,8,4767.36,2
17367.0,238,1,167.55,3
17368.0,23,8,1878.87,2
17370.0,73,4,446.18,1
17371.0,17,3,418.4,0
17372.0,41,8,1337.18,1
17373.0,40,4,646.92,1
17374.0,219,2,495.77,3
17375.0,199,3,400.1,3
17376.0,71,2,203.2,3
17377.0,24,20,4058.32,2
17379.0,11,1,389.71999999999997,0
17381.0,9,29,20275.61,2
17382.0,65,1,65.4,3
17383.0,4,1,193.39000000000001,0
17384.0,19,2,336.4,0
17385.0,15,1,256.11,0
17386.0,8,6,2686.42,2
17387.0,20,2,746.81,0
17388.0,78,4,1259.56,1
17389.0,1,34,31833.68,2
17391.0,164,2,508.8,3
17392.0,307,2,417.27,3
17394.0,219,1,203.86999999999998,3
17396.0,39,8,7330.8,2
17397.0,22,2,681.41,0
17398.0,115,3,653.38,1
17400.0,126,5,2097.84,1
17402.0,5,12,2598.85,2
17403.0,36,1,263.92,0
17404.0,4,14,31826.82,2
17405.0,1,3,1031.41,0
17406.0,333,2,1639.42,1
17408.0,163,1,32.65,3
17409.0,185,2,771.85,3
17410.0,16,5,1214.72,1
17411.0,12,3,778.94,0
17412.0,3,7,1258.06,2
17414.0,44,2,778.0,1
17415.0,80,1,287.89,3
17416.0,30,7,6893.42,2
17418.0,42,2,463.46000000000004,0
17419.0,11,12,4141.57,2
17420.0,50,3,598.83,1
17422.0,16,6,1979.37,1
17423.0,46,2,698.41,1
17425.0,19,2,759.17,0
17426.0,8,6,4797.56,2
17427.0,72,1,100.8,3
17428.0,1,28,17166.95,2
17429.0,128,3,524.9200000000001,3
17430.0,33,2,265.76,0
17431.0,313,1,403.3,3
17432.0,18,2,365.76,0
17433.0,88,1,303.15999999999997,3
17434.0,2,7,2373.82,2
17436.0,2,2,216.29999999999998,0
17438.0,254,1,388.45000000000005,3
17440.0,157,3,186.42000000000002,3
17442.0,37,6,2248.56,1
17443.0,220,1,534.24,3
17444.0,152,2,2389.1,1
17446.0,177,2,120.9,3
17447.0,40,2,541.53,0
17449.0,2,7,2519.21,2
17450.0,8,46,194390.79,2
17451.0,1,7,1721.4,2
17453.0,18,2,486.71999999999997,0
17454.0,192,4,517.53,1
17455.0,204,1,131.7,3
17456.0,365,1,249.86,3
17457.0,127,5,1737.7,1
17458.0,15,1,316.5,0
17459.0,43,2,657.3,0
17460.0,94,6,622.4300000000001,1
17461.0,23,3,735.82,0
17462.0,60,2,675.69,1
17463.0,16,5,1875.86,1
17464.0,158,1,289.96000000000004,3
17466.0,10,2,763.28,0
17468.0,10,2,137.0,0
17469.0,16,5,1870.97,1
17470.0,45,5,1125.07,1
17472.0,191,3,697.54,1
17475.0,79,1,194.37,3
17480.0,78,1,511.82,3
17481.0,4,4,1255.59,0
17483.0,65,3,414.04,1
17486.0,261,1,396.87,3
17489.0,59,2,376.64,3
17490.0,1,7,2092.32,2
17491.0,1,10,3558.87,2
17492.0,248,1,374.57,3
17495.0,8,2,497.56,0
17496.0,359,1,271.05,3
17498.0,76,1,272.22,3
17499.0,290,1,622.88,3
17500.0,30,1,33.0,3
17501.0,221,2,288.6,3
17502.0,9,4,689.1,0
17503.0,3,2,558.96,0
17504.0,206,9,2997.0299999999997,1
17505.0,162,2,1145.84,1
17506.0,76,1,302.2,3
17507.0,262,2,605.58,3
17508.0,281,1,387.31,3
17509.0,58,8,6083.64,1
17510.0,25,1,308.48,0
17511.0,3,31,91062.38,2
17512.0,29,10,2924.9900000000002,2
17513.0,72,1,513.2,3
17514.0,128,1,208.65,3
17515.0,31,4,639.02,1
17516.0,15,5,764.88,1
17517.0,309,1,153.94,3
17519.0,17,6,1844.02,1
17520.0,54,1,546.81,3
17521.0,30,3,723.2099999999999,1
17522.0,2,5,1070.71,2
17523.0,11,4,652.74,0
17524.0,361,1,145.0,3
17525.0,360,1,422.70000000000005,3
17526.0,5,4,1195.8999999999999,0
17527.0,54,4,939.37,1
17528.0,1,8,3628.5,2
17530.0,1,10,2331.17,2
17531.0,190,1,296.7,3
17534.0,54,1,223.36,3
17535.0,280,1,164.4,3
17536.0,177,1,76.5,3
17537.0,30,2,887.67,0
17538.0,26,1,98.42,0
17540.0,25,2,578.9,0
17542.0,270,1,170.75,3
17545.0,43,3,642.32,1
17548.0,234,1,103.3,3
17549.0,24,2,148.86,0
17550.0,197,3,267.16,3
17551.0,359,1,290.34,3
17552.0,60,4,930.41,1
17553.0,130,1,1487.6,3
17554.0,1,5,1952.45,2
17555.0,20,2,480.31,0
17556.0,206,1,157.9,3
17557.0,14,3,541.46,0
17560.0,95,4,854.95,1
17561.0,19,1,165.12,0
17562.0,14,7,1122.38,1
17564.0,24,3,454.01,0
17566.0,8,2,869.77,0
17567.0,7,8,4331.48,2
17569.0,332,1,344.14,3
17571.0,50,4,1425.67,1
17572.0,71,4,226.75000000000003,3
17573.0,29,3,380.6,0
17574.0,243,1,185.65,3
17576.0,8,19,3564.83,2
17578.0,218,1,143.45999999999998,3
17579.0,5,3,448.90000000000003,0
17580.0,253,3,215.72,3
17581.0,1,24,10635.24,2
17582.0,236,1,175.27,3
17584.0,7,2,1242.3,0
17585.0,109,4,1116.68,1
17588.0,100,3,1240.2,1
17589.0,60,4,2368.22,1
17590.0,2,3,1468.02,0
17591.0,73,7,2203.67,1
17593.0,4,5,3923.86,2
17594.0,85,2,993.18,1
17595.0,12,2,386.69,0
17596.0,23,7,2806.69,2
17597.0,214,1,2004.42,3
17600.0,18,1,161.67000000000002,0
17601.0,239,1,116.00999999999999,3
17602.0,2,6,5054.42,2
17603.0,78,1,144.72,3
17604.0,217,2,309.36,3
17608.0,33,2,191.99,0
17609.0,41,5,1105.78,1
17611.0,7,15,3961.12,2
17612.0,53,6,2048.45,1
17613.0,23,14,4544.55,2
17614.0,57,1,386.32,3
17615.0,130,3,329.6,3
17616.0,174,3,571.1999999999999,3
17618.0,6,3,810.43,0
17619.0,312,1,214.37,3
17620.0,60,1,81.44,3
17621.0,21,3,1379.9,1
17623.0,33,1,527.0500000000001,0
17624.0,15,2,843.48,0
17625.0,18,4,2020.4,1
17628.0,81,1,75.75,3
17629.0,6,8,1814.12,2
17630.0,170,2,463.65,3
17631.0,2,3,528.33,0
17633.0,31,4,1324.84,1
17634.0,36,9,2358.59,1
17636.0,19,1,285.56,0
17637.0,31,2,547.0600000000001,0
17639.0,276,1,108.5,3
17640.0,87,1,621.66,3
17642.0,120,2,712.29,3
17643.0,373,1,101.55,3
17644.0,1,11,2895.64,2
17646.0,219,3,1008.39,1
17647.0,65,1,133.06,3
17648.0,61,4,1797.5,1
17649.0,138,1,868.49,3
17650.0,21,1,166.08,0
17651.0,12,10,3945.0,2
17652.0,25,12,4867.72,2
17653.0,37,4,1207.56,1
17654.0,277,1,117.55,3
17655.0,11,7,2563.04,2
17656.0,73,5,1674.69,1
17658.0,26,2,595.42,0
17659.0,17,12,2959.51,2
17660.0,141,1,178.75,3
17663.0,26,7,1742.96,1
17664.0,19,2,604.64,0
17666.0,4,2,728.16,0
17667.0,66,5,2055.51,1
17668.0,1,2,347.75,0
17669.0,43,7,3406.7200000000003,1
17670.0,228,1,205.7,3
17671.0,16,4,1572.71,1
17672.0,50,2,3178.17,1
17673.0,2,6,1594.97,2
17674.0,74,2,551.04,3
17675.0,1,31,20374.28,2
17676.0,4,6,1371.18,2
17677.0,2,30,16345.38,2
17678.0,264,1,298.11,3
17679.0,53,2,1952.16,1
17680.0,24,1,184.4,0
17682.0,10,6,2474.33,2
17684.0,44,1,239.41,3
17685.0,17,7,3155.83,2
17686.0,7,7,5739.46,2
17690.0,30,15,4226.8,2
17691.0,358,2,290.40000000000003,3
17692.0,127,4,740.9399999999999,1
17693.0,137,1,200.47,3
17694.0,142,1,283.12,3
17695.0,132,2,765.34,3
17696.0,38,8,2285.71,1
17697.0,236,1,338.95,3
17698.0,261,1,154.95,3
17700.0,17,4,2534.64,1
17701.0,253,1,417.95,3
17702.0,30,4,1824.37,1
17703.0,35,3,798.74,1
17704.0,169,2,885.19,3
17705.0,3,9,1823.52,2
17706.0,4,17,10354.64,2
17707.0,185,2,152.4,3
17708.0,188,2,263.33,3
17709.0,170,1,87.5,3
17711.0,11,2,385.1,0
17712.0,45,1,443.01,0
17714.0,321,1,153.0,3
17715.0,201,1,326.4,3
17716.0,23,11,5655.99,2
17718.0,232,1,139.35,3
17719.0,38,15,5396.04,2
17720.0,26,4,1155.99,1
17722.0,96,4,2424.04,1
17723.0,127,6,3276.4000000000005,1
17724.0,71,3,1033.0,1
17725.0,16,11,3439.08,2
17727.0,15,1,1060.25,0
17728.0,4,3,2876.01,2
17730.0,3,13,5298.4800000000005,2
17731.0,79,4,1240.11,1
17732.0,373,1,303.97,3
17733.0,39,2,692.19,0
17734.0,54,3,700.63,1
17735.0,2,19,13110.02,2
17736.0,9,2,337.49,0
17737.0,9,2,168.24,0
17738.0,19,4,1879.05,1
17739.0,12,7,2791.35,2
17742.0,113,2,355.11,3
17744.0,4,6,2322.4,2
17746.0,240,1,110.25,3
17747.0,113,1,71.4,3
17749.0,178,2,674.52,3
17750.0,5,9,1710.45,2
17752.0,359,1,80.64,3
17754.0,1,5,1664.65,2
17757.0,1,30,5593.39,2
17758.0,19,8,3408.2000000000003,2
17759.0,17,3,819.96,0
17760.0,22,2,287.59,0
17761.0,33,1,712.78,0
17763.0,263,1,15.0,3
17764.0,51,2,772.55,1
17765.0,159,3,367.63,3
17767.0,15,1,271.2,0
17768.0,8,3,2081.9,1
17769.0,13,10,3957.43,2
17770.0,199,5,1143.27,1
17771.0,57,2,245.81,3
17772.0,11,2,173.45,0
17774.0,97,4,1213.73,1
17775.0,255,1,56.4,3
17777.0,25,3,647.56,0
17779.0,21,3,650.32,0
17781.0,159,2,188.02,3
17783.0,72,2,283.47,3
17785.0,53,1,131.94,3
17786.0,85,2,266.85,3
17787.0,153,4,1817.54,1
17788.0,74,2,1117.9,1
17789.0,281,1,225.9,3
17790.0,27,14,1964.3,2
17791.0,30,1,106.1,0
17793.0,25,1,300.34,0
17795.0,180,2,342.83,3
17796.0,40,4,690.0,1
17797.0,22,3,780.43,0
17799.0,22,10,3039.17,2
17800.0,37,9,1187.21,1
17802.0,82,3,1285.04,1
17805.0,74,1,512.31,3
17806.0,11,1,546.04,0
17809.0,16,12,5411.91,2
17811.0,4,39,7761.82,2
17812.0,13,4,699.81,0
17813.0,14,5,1662.12,1
17816.0,37,4,36.56,0
17817.0,4,2,192.68,0
17819.0,72,7,3704.87,1
17824.0,51,1,298.4,3
17827.0,5,5,1987.33,2
17828.0,23,4,1165.09,1
17829.0,299,1,889.24,3
17830.0,2,3,398.7,0
17831.0,33,1,35.400000000000006,3
17832.0,50,1,155.37,3
17835.0,3,3,342.24,0
17836.0,47,1,110.21000000000001,3
17837.0,42,8,1541.23,1
17838.0,27,5,2595.8,1
17839.0,42,1,318.15,0
17841.0,2,124,39201.59,2
17843.0,303,1,205.48,3
17844.0,107,1,51.559999999999995,3
17848.0,81,9,901.1999999999999,1
17849.0,218,4,326.15,3
17850.0,372,34,4783.46,2
17852.0,12,2,114.34,0
17854.0,185,2,311.26,3
17855.0,373,1,208.97,3
17856.0,2,4,1418.03,2
17857.0,4,23,26409.54,2
17858.0,6,12,5140.66,2
17859.0,305,1,141.92000000000002,3
17860.0,369,1,226.45000000000002,3
17861.0,3,8,2097.88,2
17862.0,324,1,330.9,3
17863.0,59,6,3160.0,1
17864.0,13,3,554.85,0
17865.0,31,20,10526.32,2
17866.0,143,1,329.65,3
17867.0,30,6,1157.8700000000001,1
17869.0,107,5,428.18,1
17870.0,2,12,1865.89,2
17871.0,205,1,155.9,3
17873.0,80,5,1719.5800000000002,1
17874.0,185,6,683.46,1
17877.0,170,1,237.61,3
17878.0,44,1,379.45,0
17879.0,174,1,178.51999999999998,3
17880.0,365,1,458.92,3
17881.0,304,1,133.35000000000002,3
17883.0,3,4,664.34,0
17884.0,4,4,695.0699999999999,0
17885.0,12,1,156.34,0
17886.0,32,3,869.28,1
17887.0,129,1,111.35,3
17888.0,21,8,716.0,1
17889.0,212,2,201.37,3
17890.0,323,2,586.89,3
17891.0,162,1,203.85999999999999,3
17892.0,56,3,244.1,3
17893.0,225,1,107.21,3
17894.0,72,8,1118.96,1
17895.0,44,1,95.45,3
17896.0,23,1,256.32,0
17897.0,173,3,461.91,3
17898.0,85,2,152.06,3
17899.0,159,1,154.55,3
17900.0,190,2,112.19999999999999,3
17901.0,29,1,110.38,0
17904.0,21,1,181.07,0
17905.0,71,4,798.99,1
17906.0,247,1,72.9,3
17908.0,374,1,232.03,3
17911.0,9,1,366.23,0
17912.0,310,5,310.06,3
17913.0,59,2,408.65,3
17914.0,4,1,329.36,0
17917.0,45,3,335.03,0
17919.0,88,1,1304.04,1
17920.0,4,17,4119.5,2
17921.0,64,4,820.23,1
17923.0,282,1,207.50000000000003,3
17924.0,12,7,2962.5,2
17925.0,373,1,244.08,3
17926.0,133,2,397.29,3
17928.0,45,2,212.54,0
17929.0,11,4,843.0,0
17930.0,36,5,1740.48,1
17931.0,134,2,408.36,3
17932.0,29,3,1331.57,1
17934.0,52,2,704.25,1
17935.0,138,2,145.79,3
17936.0,5,1,380.13,0
17937.0,9,7,4301.22,2
17939.0,160,1,99.14,3
17940.0,49,9,2152.1800000000003,1
17941.0,131,1,304.56,3
17942.0,8,1,77.50000000000001,0
17946.0,233,2,149.57999999999998,3
17947.0,37,1,176.68,0
17948.0,147,1,358.56000000000006,3
17949.0,1,45,58510.48,2
17950.0,72,3,482.2,1
17951.0,40,3,1008.5400000000001,1
17954.0,5,12,2314.13,2
17955.0,199,4,557.3,1
17956.0,249,1,12.75,3
17957.0,66,1,111.68,3
17958.0,117,1,508.4599999999999,3
17960.0,171,1,73.78,3
17961.0,21,39,1171.44,2
17962.0,142,1,102.41,3
17964.0,32,2,463.21,0
17965.0,38,14,2599.19,2
17966.0,38,5,1098.43,1
17967.0,372,1,112.27,3
17968.0,374,1,265.1,3
17969.0,166,2,228.2,3
17970.0,211,1,562.79,3
17972.0,242,1,135.19,3
17973.0,52,1,337.04,3
17974.0,25,3,703.99,0
17975.0,15,13,4483.26,2
17976.0,372,1,321.79,3
17977.0,29,1,288.14,0
17978.0,365,1,300.91999999999996,3
17979.0,36,4,732.41,1
17980.0,166,3,811.45,1
17984.0,145,1,152.68,3
17985.0,22,1,631.35,0
17986.0,56,1,20.8,3
17987.0,185,1,198.57,3
17988.0,12,7,161.17,0
17990.0,237,3,630.84,3
17991.0,225,2,93.35,3
17994.0,122,4,674.89,1
17995.0,282,1,76.1,3
17997.0,74,8,1962.46,1
17999.0,37,2,380.39,0
18001.0,12,2,415.13,0
18004.0,362,1,157.92,3
18005.0,4,2,226.47,0
18006.0,23,1,444.68,0
18008.0,70,9,2116.19,1
18009.0,235,1,247.39,3
18010.0,257,1,174.8,3
18011.0,373,1,102.78999999999999,3
18013.0,155,2,187.29,3
18014.0,28,1,162.22,0
18015.0,4,1,120.03,0
18016.0,32,5,1477.66,1
18017.0,81,3,523.0,1
18018.0,108,2,122.14,3
18019.0,52,1,38.45,3
18022.0,36,1,612.72,0
18024.0,153,2,389.78,3
18027.0,99,1,115.31,3
18030.0,4,2,230.64999999999998,0
18032.0,334,1,73.5,3
18033.0,65,1,93.82000000000001,3
18034.0,22,2,418.68,0
18035.0,36,3,713.89,1
18036.0,32,3,403.12,0
18037.0,154,6,70.02,3
18040.0,19,2,357.20000000000005,0
18041.0,12,21,4097.37,2
18042.0,54,1,165.04999999999998,3
18043.0,25,3,529.29,0
18044.0,4,10,2088.6,2
18045.0,45,1,178.34,3
18048.0,203,2,172.29000000000002,3
18050.0,359,1,74.4,3
18053.0,71,1,300.02,3
18055.0,7,10,6761.34,2
18056.0,288,1,327.7,3
18058.0,10,1,170.16,0
18059.0,23,3,306.46,0
18061.0,22,10,2119.41,2
18062.0,173,3,720.52,1
18064.0,133,2,814.0,3
18065.0,6,14,2392.83,2
18066.0,75,1,318.0,3
18067.0,40,1,396.33,0
18068.0,289,1,101.69999999999999,3
18069.0,26,5,2009.24,1
18071.0,258,2,453.0,3
18072.0,186,1,247.44,3
18073.0,114,12,3859.82,1
18074.0,374,1,489.6,3
18075.0,23,10,2611.75,2
18077.0,8,11,2584.41,2
18078.0,217,2,336.13,3
18079.0,45,4,3613.15,1
18080.0,19,2,1231.5,0
18081.0,36,3,343.45,0
18082.0,26,1,680.84,0
18084.0,16,1,90.47999999999999,0
18085.0,330,2,689.95,3
18086.0,274,1,101.34,3
18087.0,291,1,3202.9199999999996,1
18088.0,61,1,166.03,3
18092.0,2,11,9068.26,2
18093.0,93,4,2106.52,1
18094.0,82,7,3017.3,1
18095.0,313,2,580.0500000000001,3
18096.0,12,3,849.06,0
18097.0,8,6,2662.4,2
18099.0,127,1,168.31,3
18101.0,11,2,222.4,0
18102.0,1,60,259129.6,2
18104.0,37,1,754.64,0
18105.0,38,1,113.48000000000002,3
18106.0,330,1,421.9,3
18108.0,254,1,271.0,3
18109.0,2,26,8004.92,2
18110.0,20,1,198.8,0
18112.0,12,2,352.69,0
18113.0,369,1,76.32000000000001,3
18114.0,290,1,220.1,3
18116.0,68,8,1403.1100000000001,1
18117.0,26,1,315.65,0
18118.0,11,26,5625.08,2
18119.0,368,1,180.7,3
18120.0,214,1,111.15,3
18121.0,149,2,653.3,3
18122.0,8,6,1753.11,2
18123.0,24,2,574.4399999999999,0
18125.0,30,4,1131.75,1
18126.0,61,1,200.92000000000002,3
18127.0,19,3,347.08,0
18129.0,243,1,112.55000000000001,3
18130.0,15,3,1059.39,0
18133.0,212,1,931.4999999999999,3
18135.0,29,5,681.9100000000001,1
18136.0,63,3,784.33,1
18138.0,295,1,152.65,3
18139.0,18,6,8438.34,2
18142.0,157,2,1019.52,1
18143.0,117,2,1000.16,1
18144.0,8,12,2888.75,2
18145.0,13,4,2861.55,1
18146.0,141,2,160.35000000000002,3
18147.0,46,2,179.33999999999997,3
18149.0,51,3,612.0799999999999,1
18150.0,32,3,566.58,0
18151.0,135,2,653.35,3
18154.0,3,2,399.19,0
18155.0,75,3,371.62,3
18156.0,13,2,675.64,0
18158.0,9,2,453.4,0
18159.0,301,1,530.15,3
18160.0,57,2,638.0600000000001,1
18161.0,15,5,1618.69,1
18164.0,37,1,399.65000000000003,0
18165.0,177,1,302.46000000000004,3
18167.0,23,3,1384.8600000000001,1
18168.0,176,6,1160.04,1
18169.0,61,1,202.65,3
18170.0,33,3,980.31,1
18171.0,59,5,1231.31,1
18172.0,15,20,7561.68,2
18173.0,87,4,2106.84,1
18174.0,7,1,104.0,0
18176.0,358,1,476.35,3
18177.0,31,6,1340.8700000000001,1
18178.0,129,4,1590.81,1
18179.0,9,6,1793.17,2
18180.0,5,6,1843.75,2
18181.0,24,1,366.85,0
18183.0,227,2,632.07,3
18184.0,15,1,49.8,0
18185.0,249,1,304.25,3
18188.0,15,3,2001.04,1
18189.0,78,2,1090.24,1
18190.0,192,2,284.46000000000004,3
18191.0,262,1,207.79999999999998,3
18192.0,72,1,957.97,3
18193.0,165,1,243.76,3
18194.0,82,1,973.8399999999999,3
18196.0,95,2,686.63,3
18198.0,4,17,5425.56,2
18200.0,106,1,150.35,3
18202.0,200,3,1396.99,1
18203.0,157,1,160.42000000000002,3
18204.0,71,3,1975.35,1
18205.0,36,2,517.36,0
18209.0,29,1,139.10000000000002,0
18210.0,2,6,2621.38,2
18211.0,26,5,600.07,1
18212.0,326,1,216.07,3
18213.0,237,1,232.48000000000002,3
18215.0,89,1,299.34000000000003,3
18216.0,31,1,481.75,0
18217.0,29,2,621.75,0
18218.0,211,2,641.92,3
18219.0,3,10,2069.77,2
18220.0,227,1,305.28000000000003,3
18221.0,22,5,1041.61,1
18222.0,93,1,443.0,3
18223.0,5,14,6484.54,2
18224.0,264,1,158.95000000000002,3
18225.0,3,12,5504.96,2
18226.0,44,11,5228.05,2
18227.0,218,1,93.75,3
18228.0,57,2,779.9,1
18229.0,12,20,7276.900000000001,2
18230.0,9,7,2810.2000000000003,2
18231.0,192,5,2071.77,1
18232.0,82,4,592.97,1
18235.0,72,3,1796.48,1
18236.0,30,6,882.24,1
18237.0,3,5,987.1,2
18239.0,219,5,1561.6100000000001,1
18240.0,46,1,422.58,3
18241.0,10,17,2073.09,2
18242.0,72,4,2232.4900000000002,1
18245.0,7,7,2567.06,2
18246.0,24,2,596.1,0
18248.0,123,2,724.12,3
18249.0,17,1,95.34,0
18250.0,310,1,349.27,3
18251.0,87,1,4314.72,1
18252.0,51,2,518.27,0
18255.0,89,1,103.3,3
18257.0,39,8,2337.63,1
18259.0,25,3,2338.6000000000004,1
18260.0,173,6,2628.35,1
18261.0,43,2,324.24,0
18262.0,140,1,149.48,3
18263.0,26,3,1213.1599999999999,1
18265.0,72,2,801.51,1
18268.0,134,1,25.5,3
18269.0,366,1,168.6,3
18270.0,38,2,283.15,0
18272.0,3,6,3078.58,2
18273.0,2,3,204.0,0
18274.0,30,1,175.92,0
18276.0,44,1,335.86,3
18277.0,58,1,110.38,3
18278.0,74,1,173.9,3
18280.0,278,1,180.60000000000002,3
18281.0,181,1,80.82,3
18282.0,8,2,178.05,0
18283.0,4,16,2045.53,2
18287.0,43,3,1837.28,1
